,url,title,likes,comments,saves,shares,description,nickname,created_at,username,duration,date_creation,duration_seconds,tags,predicted_category
0,https://www.tiktok.com/@singaporeprisonservice/video/7474505664543362312,Always confident and adapting to challengesâ€” Sounds like cave divingğŸ¥½â€¦ or just another day for our #CaptainsOfLives!ğŸ‘®â€â™‚ï¸ #SPS #SingaporePrisonService #BehindPrisonWalls #prisontiktok #changiprison #prisonlife #captainsoflives #SPS #singaporeprison #trending #fyp #foryoupage #fypsg #foryoupagesg #viralvideo #cavedivers #cavediving #cave #diver,178000.0,1553.0,17200.0,34700.0,,Singapore Prison Service,2-23,singaporeprisonservice,00:08 / 00:14,2025-02-23,14,"['#SingaporePrisonService', '#cavedivers', '#changiprison', '#prisontiktok', '#captainsoflives', '#foryoupage', '#BehindPrisonWalls', '#SPS', '#fypsg', '#prisonlife', '#diver', '#CaptainsOfLives', '#foryoupagesg', '#fyp', '#cave', '#viralvideo', '#singaporeprison', '#cavediving', '#trending']",Action/Adventure
1,https://www.tiktok.com/@chardewvalley/video/7474218350806093063,Cleaniness > comfort,1900000.0,4384.0,68300.0,213200.0,Discover the importance of keeping your home clean by not bringing outside clothes onto your bed. Learn how to create a comfortable space. #Cleanliness #HomeComfort,Char,2-22,chardewvalley,00:03 / 00:05,2025-02-22,5,"['#Cleanliness', '#HomeComfort']",Family
2,https://www.tiktok.com/@ejtheoppa/video/7475004405641694480,,333500.0,992.0,14900.0,45500.0,,eejay,1w ago ,ejtheoppa,00:08 / 00:09,2025-03-01,9,[],Others
3,https://www.tiktok.com/@singyeah18/video/7463326085967662343,Commute safelyğŸ™ğŸ™ğŸ™ğŸ™ğŸ™,9461.0,0.0,925.0,9946.0,Learn how to commute safely following recent incidents. Stay informed and protect yourself on the roads. #CommuteSafely #AccidentAwareness,SingYeah 18â™,1-24,singyeah18,00:03 / 00:16,2025-01-24,16,"['#CommuteSafely', '#AccidentAwareness']",Shows
4,https://www.tiktok.com/@azulacinta/video/7446605590786247943,"dont bash the hotel ah its not their fault a pipe broke. instead of getting angry, me and hafiy took polaroids to remember this day bcs its so FUN HAHAHAHA btw, the hotel staff was really nice and compensated us for alot of things & also gave us a new room so please don't think i'm complaining!!! i believe that; things always happen but how hotel staff handle situations like this shows how they are as a company <3",273600.0,599.0,10200.0,15400.0,Experience the fun side of travel mishaps! Join us as we create memories despite a pipe break at Hotel Royal Queen Singapore. #corememoryforreal,Azula Cinta,2024-12-10,azulacinta,00:02 / 00:14,2024-12-10,14,['#corememoryforreal'],Shows
5,https://www.tiktok.com/@auntfortunecookie/video/7467697069457902866,Very HdB concept! Good food & good service #trulysingaporean,35200.0,253.0,4836.0,6397.0,Explore the finest Singaporean foods and restaurants with great service! Perfect for date ideas. #trulysingaporean #sgfood,AuntFortuneCookie,2-5,auntfortunecookie,00:03 / 00:22,2025-02-05,22,"['#sgfood', '#trulysingaporean']",Howto & Style
6,https://www.tiktok.com/@squashyboy2/video/7465328460404149522,let the war begin #cny2025,554500.0,3615.0,42300.0,43900.0,"Unveil the drama as empty red packets are sneakily placed in random bags, sparking family fun during the Chinese New Year celebrations. #cny2025 #redpacket",Squashy Boy,1-29,squashyboy2,00:03 / 00:10,2025-01-29,10,"['#cny2025', '#redpacket']",Foreign
7,https://www.tiktok.com/@nurturejirou/video/7476364861291646228,IT HAS HAPPENED AGAIN?  Only #Hume  #humemrt #humestation #lta #mrt,29200.0,577.0,1684.0,7325.0,Discover the latest updates on Hume MRT station opening in Punggol Coast. Find out the services and benefits for commuters! #Hume #humemrt #humestation #lta #mrt,ryo,3d ago ,nurturejirou,00:02 / 00:16,2025-03-05,16,"['#Hume', '#lta', '#mrt', '#humestation', '#humemrt']",Horror
8,https://www.tiktok.com/@bens_social_club/video/7465693421210963208,We must learn to stay safe on public transportğŸ™ #mrt #mrtstationsingapore #benpuah #benssocialclub #singapore #singaporenews #viral #fypã‚· #fyp #tiktoksg,15200.0,935.0,1019.0,8920.0,Discover breathtaking MRT stations in Singapore and join the conversation about local happenings. #mrt #singapore #singaporenews #benpuah #benssocialclub,Benâ€™s Social Club,1-30,bens_social_club,00:02 / 00:15,2025-01-30,15,"['#singaporenews', '#viral', '#fyp', '#benpuah', '#tiktoksg', '#mrt', '#mrtstationsingapore', '#fypã‚·', '#singapore', '#benssocialclub']",Shows
9,https://www.tiktok.com/@runnerkao/video/7474934543460453650,Montfort is so sigma! #nobullying @KaoFam,20700.0,863.0,1232.0,4427.0,,Runner Kao,1w ago ,runnerkao,00:07 / 00:15,2025-03-01,15,['#nobullying'],Family
10,https://www.tiktok.com/@faris.samri/video/7475747952229649682,Why so extra,158500.0,520.0,9745.0,20900.0,Discover Bukit Timah's unique houses and water tower climbing experiences in Singapore. Join us for an unforgettable adventure! #BukitTimah #SingaporeVacation,faris,5d ago ,faris.samri,00:03 / 00:41,2025-03-03,41,"['#BukitTimah', '#SingaporeVacation']",Foreign
11,https://www.tiktok.com/@lionaryder/video/7455506127585905940,So many witnesses ğŸ‘€ğŸ˜‚,87500.0,319.0,3391.0,22100.0,Join us for a Marina Bay boat ride reminiscent of Titanic moments! Enjoy stunning views and memories made. #Titanic #BoatRides #MarinaBay,Liona Ryder,1-3,lionaryder,00:02 / 00:11,2025-01-03,11,"['#Titanic', '#BoatRides', '#MarinaBay']",Comedy
12,https://www.tiktok.com/@malloryroh/video/7473994857350974750,Had to hop on this trendğŸ˜‚ğŸ¥ºğŸ˜‚ #hibachi #hibachibaby #ninja #viral #trending #malloryroh,24500000.0,73900.0,1300000.0,4000000.0,Watch adorable babies react to their first hibachi show! Expect laughter and surprise as they experience the flames and tricks. #hibachi #BabyFirstHibachi,Mal,2-22,malloryroh,00:03 / 00:10,2025-02-22,10,"['#BabyFirstHibachi', '#viral', '#malloryroh', '#hibachibaby', '#ninja', '#trending', '#hibachi']",Anime/Animation
13,https://www.tiktok.com/@_reefkey_/video/7458336520739540231,"â€˜Sian everyday rain, sian everyday hot.â€™ Then what you want brother john ğŸ˜¡ #tiktoksg",54800.0,653.0,3494.0,8926.0,"Explore the effects of Singapore's monsoon season, including daily rain and heat. Find out what to expect during these storms! #tiktoksg #monsoonseason #SingaporeWeather",_reefkey_,1-11,_reefkey_,00:02 / 00:13,2025-01-11,13,"['#tiktoksg', '#monsoonseason', '#SingaporeWeather']",Family
14,https://www.tiktok.com/@mothershipsg/video/7474530358466284807,A woman can be heard on the phone requesting assistance. #fyp #tiktoksg,145400.0,5215.0,12600.0,46800.0,,Mothership,2-23,mothershipsg,00:08 / 00:32,2025-02-23,32,"['#tiktoksg', '#fyp']",Foreign
15,https://www.tiktok.com/@weisstomi/video/7448062864344091910,contenido no relacionado a hamburguesas #chile #fyp #vlog #viral,20900000.0,139900.0,892500.0,4700000.0,Descubre si tu perro es un skinwalker con estos consejos sobre los poodles gigantes. Â¡No te pierdas este vlog viral! #chile #fyp #vlog #viral #perros #skinwalker,Tomi Weiss,2024-12-14,weisstomi,00:02 / 00:07,2024-12-14,7,"['#viral', '#fyp', '#vlog', '#perros', '#chile', '#skinwalker']",Foreign
16,https://www.tiktok.com/@victorkjaer/video/7451071297842351378,à¸•à¸­à¸šà¸à¸¥à¸±à¸š @Puteri Yasmin  à¸ªà¸–à¸´à¸•à¸´à¸à¸²à¸£à¹€à¸‚à¹‰à¸²à¸£à¸­à¸šà¸‚à¸­à¸‡ SINGAPORE ğŸ‡¸ğŸ‡¬ à¸šà¸™à¹€à¸§à¸—à¸µà¸à¸²à¸£à¸›à¸£à¸°à¸à¸§à¸” MISS UNIVERSE ğŸ‘‘âœ¨ #à¸™à¸²à¸‡à¸‡à¸²à¸¡ #à¸™à¸²à¸‡à¸‡à¸²à¸¡à¸ˆà¸±à¸à¸£à¸§à¸²à¸¥ #beautyqueen #missuniverse #fyp #à¸Ÿà¸µà¸” #missuniverse2024,21700.0,1081.0,2048.0,5578.0,à¹€à¸Šà¸´à¸à¸ªà¸±à¸‡à¹€à¸à¸•à¸„à¸§à¸²à¸¡à¸ªà¸§à¸¢à¸‡à¸²à¸¡à¸‚à¸­à¸‡ SINGAPORE ğŸ‡¸ğŸ‡¬ à¹ƒà¸™à¸à¸²à¸£à¸›à¸£à¸°à¸à¸§à¸” MISS UNIVERSE à¸§à¹ˆà¸²à¹„à¸›à¸­à¸¢à¹ˆà¸²à¸‡à¹„à¸£ à¸à¸£à¹‰à¸­à¸¡à¸à¸±à¸šà¹€à¸—à¸£à¸™à¸”à¹Œà¹‚à¸‹à¹€à¸Šà¸µà¸¢à¸¥à¸—à¸µà¹ˆà¹„à¸”à¹‰à¸£à¸±à¸šà¸„à¸§à¸²à¸¡à¸™à¸´à¸¢à¸¡ #à¸™à¸²à¸‡à¸‡à¸²à¸¡ #à¸™à¸²à¸‡à¸‡à¸²à¸¡à¸ˆà¸±à¸à¸£à¸§à¸²à¸¥ #beautyqueen #missuniverse #à¸Ÿà¸µà¸” #missuniverse2024,victorkjaer,2024-12-22,victorkjaer,00:03 / 01:03,2024-12-22,63,"['#missuniverse2024', '#beautyqueen', '#fyp', '#à¸™à¸²à¸‡à¸‡à¸²à¸¡', '#à¸Ÿ', '#missuniverse', '#à¸™à¸²à¸‡à¸‡à¸²à¸¡à¸ˆ']",Foreign
17,https://www.tiktok.com/@quanghung1411/video/7443614963454709010,2 xe bay Ä‘áº§u táº¡i Singapore ğŸ˜±#singapore #xuhuong,22400.0,443.0,2101.0,9228.0,"KhÃ¡m phÃ¡ nhá»¯ng vá»¥ tai náº¡n gáº§n Ä‘Ã¢y táº¡i Singapore, bao gá»“m cáº£ sá»± cá»‘ á»Ÿ Jurong. Nháº¥n vÃ o xem ngay Ä‘á»ƒ biáº¿t thÃªm chi tiáº¿t! #singapore #xuhuong",quanghung1411,2024-12-2,quanghung1411,00:02 / 00:13,2024-12-2,13,"['#xuhuong', '#singapore']",Foreign
18,https://www.tiktok.com/@alextheapollokid_/video/7459246231789899015,thought it would be cheaper cause the studio charges $16 but in the end I had to spend $20 cause need to take twice,180000.0,284.0,2547.0,15500.0,Discover how to take the perfect passport photo and avoid common pitfalls. Learn from my experience with earpieces! #PassportPhoto #PhotoTips,alextheapollokid,1-13,alextheapollokid_,00:02 / 00:06,2025-01-13,6,"['#PassportPhoto', '#PhotoTips']",Entertainment
19,https://www.tiktok.com/@workingwithmonolids/video/7451412054939847944,the number of parent with older kids giving us sympathetic looks while trying not to lose it,219100.0,1618.0,4635.0,109200.0,Experience the relatable challenges of parenting in Singapore as we capture real moments and emotions. Join us for a unique insight! #Parenting #Singapore #Kids,Itâ€™s Evee,2024-12-23,workingwithmonolids,00:02 / 00:08,2024-12-23,8,"['#Parenting', '#Kids', '#Singapore']",Family
20,https://www.tiktok.com/@denisealexis/video/7447869003994811666,sharing a behind the scenes to our most viral and iconic prewedding shoot along orchard road because we are officially 1 month out to our wedding day ğŸ‘°ğŸ»â€â™€ï¸ğŸ¤µğŸ» #wedding #sgbrides #pws #preweddingshoot #cheerleader,108900.0,1166.0,2949.0,9649.0,,denise alexis á¡£ğ­©à¾€à½²à¾€à½²à¾€à½²,2024-12-13,denisealexis,00:07 / 00:24,2024-12-13,24,"['#pws', '#wedding', '#cheerleader', '#preweddingshoot', '#sgbrides']",Shows
21,https://www.tiktok.com/@sonziesss/video/7476348318856236308,so so handsome wtf #fyp #trending #fyppppppppppppppppppppppp #fypage #dylanwang #chagee @Mothership,422700.0,2007.0,26400.0,41200.0,Experience the surprise moment when Dylan Wang appears while fans are queuing for chagee! Don't miss this cute interaction! #DylanWang #Chagee #Mothership,sonziesss,3d ago ,sonziesss,00:03 / 00:14,2025-03-05,14,"['#chagee', '#dylanwang', '#fyp', '#Mothership', '#fypage', '#fyppppppppppppppppppppppp', '#Chagee', '#trending', '#DylanWang']",Foreign
22,https://www.tiktok.com/@singaporenews65/video/7454495255677635848,For the Latest News Join Telegram Now :-https://t.me/singaporenews65 SINGAPORE :- Flash floods occurred in Bukit Timah after heavy rain across the island on the afternoon of Dec 29. Share by Follower,53800.0,1982.0,4077.0,29800.0,"Discover the latest updates on flash floods in Bukit Timah, Singapore, following heavy rain. Stay informed with real-time news. #Floods #Singapore",Singapore News ğŸ‡¸ğŸ‡¬,2024-12-31,singaporenews65,00:02 / 00:20,2024-12-31,20,"['#Floods', '#Singapore']",Shows
23,https://www.tiktok.com/@emilycampeas/video/7475556757822295342,You good???? @Marriott Bonvoy @Marriott Hotels,4100000.0,19400.0,114700.0,82900.0,Discover the story of a canceled Marriott room block just days before a wedding. See how a loyal customer reacts! #Marriott #DestinationWedding #HotelRoomBlock,Emily Campeas,5d ago ,emilycampeas,00:03 / 00:08,2025-03-03,8,"['#Marriott', '#DestinationWedding', '#HotelRoomBlock']",Foreign
24,https://www.tiktok.com/@lijason95/video/7461613130439724295,æ–°åŠ å¡æœ€ç¾çš„é£æ™¯ï¼Œæ–°åŠ å¡æœ€é“çš„è½¦#usdt #æ–°å¸ #sgd #U #æ–°åŠ å¡,11100.0,433.0,1095.0,5551.0,æ¢ç´¢æ–°åŠ å¡æœ€ç¾çš„é£æ™¯ä¸é“è½¦ï¼Œè®©ä½ çˆ±ä¸Šè¿™åº§åŸå¸‚ï¼#usdt #æ–°å¸ #sgd #æ–°åŠ å¡,æ–°åŠ å¡èµ„äº§é…ç½®,1-19,lijason95,00:02 / 00:07,2025-01-19,7,"['#æ–°åŠ å¡', '#sgd', '#U', '#usdt', '#æ–°å¸']",Shows
25,https://www.tiktok.com/@aliiciatann/video/7462071273640807698,"@Swee Choon Tim Sum Restaurant we need a talk, my cat looks cursedğŸ˜‚",21100.0,127.0,968.0,3344.0,Join us for hilarious and adorable cursed cat antics at Swee Choon Tim Sum Restaurant with tasty food! #CatVideos #FunnyCats #RestaurantTikTok,ğŸ¦‹,1-21,aliiciatann,00:02 / 00:08,2025-01-21,8,"['#FunnyCats', '#CatVideos', '#RestaurantTikTok']",Foreign
26,https://www.tiktok.com/@ronny443/video/7474005429383679238,Chismoso #humor #trabajo #cocina,10400000.0,67400.0,538500.0,6100000.0,Disfruta videos graciosos sobre chismosos en el trabajo y humor laboral. RÃ­e con nosotros y no te pierdas el entretenimiento. #humor #trabajo #cocina,Ronny Enrique,2-22,ronny443,00:02 / 00:07,2025-02-22,7,"['#humor', '#trabajo', '#cocina']",Comedy
27,https://www.tiktok.com/@lalahanzz/video/7467881058126646546,There is only one right ans. #shower #debate #sgtiktok #mandilahsingapore,27400.0,598.0,789.0,1715.0,Explore the latest in shower routines and tips. Join the debate on when and how to shower effectively. #shower #debate #sgtiktok,HanHan,2-5,lalahanzz,00:04 / 00:13,2025-02-05,13,"['#debate', '#sgtiktok', '#mandilahsingapore', '#shower']",Shows
28,https://www.tiktok.com/@thesingaporeanson/video/7444105024910789906,Monkey wants to check-in for his flightâ€¦ #singapore,55400.0,1845.0,3631.0,29100.0,Watch a playful monkey navigate the check-in process at Singapore Changi Airport. A fun moment with our furry traveler! #singapore #monkeyvideos,Theâ€‚Singaporeanâ€‚Son,2024-12-3,thesingaporeanson,00:03 / 00:11,2024-12-3,11,"['#singapore', '#monkeyvideos']",Foreign
29,https://www.tiktok.com/@xinyiriiz_/video/7458510734041828626,minnie at chagee singapore !! with @lorraine | donâ€™t steal my video pls |#fyp #idle #minniegidle #012 #chagee #sgtiktok,24400.0,293.0,1534.0,1927.0,Join Minnie at Chagee Singapore for a fun experience with Lorraine! Discover more about this vibrant gathering. #minniegidle #chagee #sgtiktok,xinyi,1-11,xinyiriiz_,00:03 / 00:05,2025-01-11,5,"['#chagee', '#fyp', '#012', '#sgtiktok', '#idle', '#minniegidle']",Sci-Fi/Fantasy
30,https://www.tiktok.com/@simandbay/video/7474985389271420176,Is it me or did I hear something drop #fy #fyp #couple #couplecomedy #marriagetips #marriagehumor #foryou #foryoupage #viral #viraltiktok #fypppppppppppppppppp,30800.0,241.0,1075.0,3081.0,Enjoy hilarious couple moments as they rush to catch the last bus together! Relatable and fun content for married couples. #couple #couplecomedy #marriagehumor,Marcus and Gladys,1w ago ,simandbay,00:03 / 00:14,2025-03-01,14,"['#viraltiktok', '#marriagehumor', '#viral', '#fyp', '#foryou', '#foryoupage', '#fy', '#couplecomedy', '#couple', '#marriagetips', '#fypppppppppppppppppp']",Comedy
31,https://www.tiktok.com/@aimrun/video/7456264951242509589,that one friend in the group projectğŸ’€ #xyzbca #aimrun #tiktok #fyp,48500.0,152.0,1677.0,3320.0,Explore the quirks of group projects and how every friend group has its unique personality. Join the fun! #xyzbca #aimrun #tiktok,AimRun,1-5,aimrun,00:02 / 00:16,2025-01-05,16,"['#xyzbca', '#fyp', '#tiktok', '#aimrun']",Foreign
32,https://www.tiktok.com/@dailymail/video/7459480739785100587,Nobody told him it was just a drill ğŸ˜¬ğŸ˜‚ #china #police #asia #news #drill,15900000.0,115800.0,1400000.0,2200000.0,Watch as a Chinese officer showcases an impressive takedown in an anti-terrorism drill that catches everyone off guard! #china #police #asia #news #drill,Daily Mail,1-14,dailymail,00:03 / 00:10,2025-01-14,10,"['#news', '#drill', '#police', '#china', '#asia']",Foreign
33,https://www.tiktok.com/@hanjasarevix/video/7471242184881147143,So fricken cute,2700000.0,3625.0,56400.0,214300.0,,HANA JASAREVIC,2-14,hanjasarevix,00:03 / 00:08,2025-02-14,8,[],Entertainment
34,https://www.tiktok.com/@barstoolsports/video/7466297564111899946,No way ğŸ¤£ @itgirl (via girlwithnojob/ig),3000000.0,21900.0,114500.0,53900.0,Discover the purpose of charger plates and why they matter in dining. Perfect for enthusiasts and anyone curious! #chargerplate #girlwithnojob,Barstool Sports,2-1,barstoolsports,00:02 / 00:09,2025-02-01,9,"['#chargerplate', '#girlwithnojob']",Horror
35,https://www.tiktok.com/@d9_universe/video/7466303588315303186,Senior Minister of Singapore Lee Hsien Loong visits Bird Paradise #Singapore #Mandai,11500.0,610.0,747.0,2873.0,Join Senior Minister Lee Hsien Loong as he visits the stunning Bird Paradise in Singapore. Discover the beauty of local avian life! #Singapore #Mandai,D9INE+U 2025,2-1,d9_universe,00:02 / 00:14,2025-02-01,14,"['#Singapore', '#Mandai']",Shows
36,https://www.tiktok.com/@97newbie/video/7471782965165427975,è°¦è°¦ä¸€ç‚¹äºä¸åƒï½è¢«æ‘¸äº†å°±æ‘¸å›æ¥ æˆ‘ä¹Ÿæ‘¸æ‘¸æˆ‘ä¹Ÿæ‘¸æ‘¸å“ˆå“ˆå“ˆï½ #è–›ä¹‹è°¦æ–°åŠ å¡æ¼”å”±ä¼š #è–›ä¹‹è°¦ #é©¬ä¸€æœµ,16200.0,79.0,1049.0,2769.0,åœ¨æ–°åŠ å¡çš„æ¼”å”±ä¼šä¸Šï¼Œè–›ä¹‹è°¦å¹½é»˜äº’åŠ¨ï¼Œå°½æ˜¾é­…åŠ›ï¼å¿«æ¥çœ‹çœ‹ä»–ä¸è§‚ä¼—çš„æç¬‘ç¬é—´ï¼#è–›ä¹‹è°¦æ–°åŠ å¡æ¼”å”±ä¼š #è–›ä¹‹è°¦ #é©¬ä¸€æœµ,90åç‰›é©¬ğŸ®ğŸ,2-16,97newbie,00:03 / 00:11,2025-02-16,11,"['#é©¬ä¸€æœµ', '#è–›ä¹‹è°¦æ–°åŠ å¡æ¼”å”±ä¼š', '#è–›ä¹‹è°¦']",Shows
37,https://www.tiktok.com/@mothershipsg/video/7476059863504702728,"â€œThey are communal resources. We must safeguard them for our country and for future generations. Truly pristine resources are now extremely rare, and we must do everything we can to protect them.â€ #tiktokthailand #thailand #tourism #fypsg",208000.0,6160.0,20000.0,15700.0,,Mothership,4d ago ,mothershipsg,00:07 / 01:38,2025-03-04,98,"['#thailand', '#tiktokthailand', '#fypsg', '#tourism']",Action/Adventure
38,https://www.tiktok.com/@madefromcoffee4/video/7460804670533946641,How to keep Teams â€œAvailableâ€ status while youâ€™re taking a 15-minute nap. #WFH #hacks,786000.0,12000.0,55600.0,152500.0,Learn tips to keep your Teams status as 'Available' while napping. Perfect for remote workers! #WFH #hacks,MadeFromCoffee,1-17,madefromcoffee4,00:03 / 00:15,2025-01-17,15,"['#hacks', '#WFH']",Howto & Style
39,https://www.tiktok.com/@umasuthank02/video/7448082795949214992,#SGRoadaccidents #roadaccientğŸ˜¥ #sgtraffic #roadsafety #accidentalert #drivesafe #drive #safety #road #yishun #tiktoksg #viralaccident #yishunave,11200.0,432.0,1298.0,4540.0,"Explore the details and safety insights of the Yishun SG road accident, focusing on road safety awareness and prevention strategies. #SGRoadaccidents #roadsafety",Uma,2024-12-14,umasuthank02,00:02 / 00:31,2024-12-14,31,"['#drive', '#drivesafe', '#roadsafety', '#tiktoksg', '#viralaccident', '#roadaccient', '#sgtraffic', '#SGRoadaccidents', '#accidentalert', '#road', '#yishun', '#safety', '#yishunave']",Horror
40,https://www.tiktok.com/@andr3martin/video/7443129047648963871,#labubu,892800.0,1343.0,37300.0,90900.0,Discover the intriguing mystery behind Labubu and the new TSA guidelines! Join the discussion on this captivating topic. #labubu #newtsaguidelines #TSASecurityCheck,Andre,2024-12-1,andr3martin,00:02 / 00:15,2024-12-1,15,"['#labubu', '#newtsaguidelines', '#TSASecurityCheck']",Anime/Animation
41,https://www.tiktok.com/@adrian.xiaoming/video/7456761837133040903,Splitting these damn wooden chopsticks perfectly is just IMPOSSIBLE!!! ğŸ¦‘ #squidgame #squidgamenetflix,40600.0,257.0,2162.0,6363.0,Discover tips for perfectly splitting wooden chopsticks inspired by Squid Game! Join the fun and learn how to master this tricky skill. #squidgame #squidgamenetflix,adrian.xiaoming,1-6,adrian.xiaoming,00:02 / 00:11,2025-01-06,11,"['#squidgame', '#squidgamenetflix']",Gaming
42,https://www.tiktok.com/@user648374828/video/7465879436076961070,the first guy has me dead #sandtraps #beach #fall #bored #carmel,1700000.0,6582.0,97600.0,149300.0,Discover the fun of creating sand traps at the beach! Learn step-by-step how to make these exciting structures and enjoy a day of outdoor fun. #sandtraps #beach #fall,secret,1-31,user648374828,00:04 / 00:10,2025-01-31,10,"['#sandtraps', '#beach', '#fall', '#carmel', '#bored']",Travel & Events
43,https://www.tiktok.com/@vincentlimbs/video/7447284343375924498,Fan chasing,249700.0,16700.0,13200.0,28200.0,Discover the excitement of fans chasing Vincent Lim in Singapore! Get the latest updates and highlights of the chase. #VincentLim #FanChasing #Singapore,Vincent Lim,2024-12-12,vincentlimbs,00:02 / 00:38,2024-12-12,38,"['#Singapore', '#VincentLim', '#FanChasing']",Entertainment
44,https://www.tiktok.com/@yourgalsha/video/7449331356309441799,Micellar water approved ğŸ‘ï¸ ğŸ‘„ ğŸ‘ï¸ âœ… #tiktoksg,30000.0,141.0,1191.0,3352.0,Discover how micellar water can perfectly remove makeup while being gentle on your skin. Learn more in this insightful podcast! #tiktoksg #Makeupremover,Shanise,2024-12-17,yourgalsha,00:01 / 00:07,2024-12-17,7,"['#tiktoksg', '#Makeupremover']",Shows
45,https://www.tiktok.com/@zennaej/video/7454905941826260225,wife approves â™¥ï¸,252200.0,861.0,9412.0,8969.0,Discover funny moments when husbands get caught red-handed by their wives! Explore entertaining scenarios in this engaging video. #POV #CaughtRedHanded,zennaej,1-1,zennaej,00:02 / 00:07,2025-01-01,7,"['#POV', '#CaughtRedHanded']",Family
46,https://www.tiktok.com/@davidandesther/video/7463870767139130632,that was my social battery for a week ğŸª«ğŸ«  -Esther #introvert #extrovert #extroverthusband #couplecomedy #CapCut,45000.0,567.0,1317.0,5632.0,,David and Esther,1-25,davidandesther,00:07 / 00:39,2025-01-25,39,"['#extrovert', '#extroverthusband', '#CapCut', '#introvert', '#couplecomedy']",Comedy
47,https://www.tiktok.com/@tryssgtt/video/7452145686671281416,æ–°åŠ å¡ å¹³å®‰å¤œ è·¨ åœ£è¯èŠ‚ å€’æ•° ä¹ŒèŠ‚è·¯ã€‚å¥½å—¨  #æ–°åŠ å¡ #åœ£è¯èŠ‚ #å¹³å®‰å¤œ #å€’æ•° #ä¹ŒèŠ‚è·¯,11900.0,418.0,731.0,2733.0,ä½“éªŒæ–°åŠ å¡ä¹ŒèŠ‚è·¯çš„ç¾å¥½åœ£è¯æ°›å›´ï¼Œäº«å—å€’æ•°æ—¶åˆ»ï¼å‘ç°ç»šä¸½çš„åœ£è¯ç¯å…‰ä¸èŠ‚æ—¥æ¬¢ä¹ã€‚#æ–°åŠ å¡ #åœ£è¯èŠ‚ #å¹³å®‰å¤œ #å€’æ•° #ä¹ŒèŠ‚è·¯,æ–°åŠ å¡æˆ‘æ¥å•¦,2024-12-25,tryssgtt,00:02 / 00:19,2024-12-25,19,"['#ä¹ŒèŠ‚è·¯', '#å¹³å®‰å¤œ', '#æ–°åŠ å¡', '#å€’æ•°', '#åœ£è¯èŠ‚']",Foreign
48,https://www.tiktok.com/@kextay/video/7474618664193428754,Kira mermaidâ€™s swimming milestones under Coach @Jian Yongâ€™s guidance! @Happy Fish Swim School,325000.0,1236.0,13500.0,49400.0,Discover Kira's amazing swimming journey and techniques under Coach Jian Yong at Happy Fish Swim School! #SwimTraining #BabySwimmingClips #HowToSwimTutorial,Tay Kexin,2-23,kextay,00:03 / 00:17,2025-02-23,17,"['#HowToSwimTutorial', '#BabySwimmingClips', '#SwimTraining']",Sports
49,https://www.tiktok.com/@queeniefy/video/7466056186010488072,Thanks for hosting ğŸ«¡@Itsjustdarrenn,12100.0,410.0,839.0,8213.0,Join us in celebrating Lunar New Year 2025 with festive Lo Hei traditions. Discover the meaning and joy of this special occasion! #LoHei #HappyNewYear2025,Queenie,1-31,queeniefy,00:03 / 00:13,2025-01-31,13,"['#HappyNewYear2025', '#LoHei']",Entertainment
50,https://www.tiktok.com/@ak_sion/video/7463737355447356679,Long queues at Jurong Point TimezoneTimezoneğŸ”¥ğŸ”¥ First launch of Animal Kaiser Plus @Timezone Singapore  #animalkaiser #sg #nostalgia #memories #tiktok #sgtiktok #ultrarare #foryou #first,9563.0,151.0,648.0,5084.0,Experience the excitement of Animal Kaiser Plus at Timezone Singapore! Join the fun and relive childhood memories with ultra-rare games. #animalkaiser #sg #nostalgia,Aksion,1-25,ak_sion,00:02 / 00:06,2025-01-25,6,"['#ultrarare', '#foryou', '#first', '#animalkaiser', '#memories', '#sg', '#nostalgia', '#sgtiktok', '#tiktok']",Pets & Animals
51,https://www.tiktok.com/@justjiaxinn/video/7460125702361337106,stanky  #sgtiktok #relatable #smelly #mrt #xybca #sg #fyp #funny,21200.0,612.0,581.0,3612.0,Discover the frustrating smell of MRT during morning rush hour. Let's talk about the importance of fresh starts! #sgtiktok #relatable #smelly #mrt,justjiaxinn,1-15,justjiaxinn,00:05 / 00:05,2025-01-15,5,"['#funny', '#fyp', '#sg', '#xybca', '#mrt', '#sgtiktok', '#smelly', '#relatable']",Comedy
52,https://www.tiktok.com/@thisismoneycrisss/video/7454522821562109200,"Sian lah, rindu homeland :/ #singapore #lowerclass #home #phone #meal #transport  #singapura #singaporetransport #kelasbawah #homeland #fyp #foryoupage #page #masukberanda",55900.0,679.0,3224.0,2795.0,"Jelajahi kehidupan kelas bawah di Singapura, dari makanan hingga transportasi. Temukan keindahan yang tersembunyi! #singapore #lowerclass #homeland",MoneycrisssğŸ’¸,2024-12-31,thisismoneycrisss,00:03 / 00:18,2024-12-31,18,"['#masukberanda', '#homeland', '#meal', '#fyp', '#kelasbawah', '#singaporetransport', '#transport', '#foryoupage', '#lowerclass', '#home', '#singapore', '#page', '#phone', '#singapura']",Shows
53,https://www.tiktok.com/@sarahbispy/video/7460999467563552046,Shou really always been for the people ğŸ˜­â¤ï¸â€ğŸ©¹ (plz save us),1600000.0,5371.0,65200.0,12900.0,Discover how Shou's latest update helps you save TikTok videos without a watermark. Say goodbye to watermarks! #Shou #TikTokTips #SaveVideos,Sarah Bispy,1-18,sarahbispy,00:04 / 00:06,2025-01-18,6,"['#Shou', '#SaveVideos', '#TikTokTips']",Family
54,https://www.tiktok.com/@vexbolts/video/7454379301027319082,Vexbolts is getting left in 2024 @MrBeast ğŸ˜­ğŸ’€#vexbolts #lethimcook #december31st,1800000.0,138600.0,149800.0,108600.0,Explore the buzz around Vexbolts and MrBeast as December 31st approaches! Dive into memes and community reactions. #vexbolts #lethimcook #december31st,Vexbol(ts),2024-12-31,vexbolts,00:04 / 00:10,2024-12-31,10,"['#vexbolts', '#december31st', '#lethimcook']",Horror
55,https://www.tiktok.com/@4pocketmoney/video/7466002039613476104,excuse me who wrote this??? #cny #æ–°å¹´å¿«æ¨‚ #chinesenewyear,20700.0,134.0,983.0,2778.0,Explore the traditions and celebrations of Chinese New Year. Discover the significance behind the festivities and enjoy a unique Chinese rap twist. #cny #æ–°å¹´å¿«æ¨‚ #chinesenewyear,4pocketmoney,1-31,4pocketmoney,00:02 / 00:08,2025-01-31,8,"['#cny', '#æ–°å¹´å¿«æ¨‚', '#chinesenewyear']",Comedy
56,https://www.tiktok.com/@boscowong92/video/7454645483785555207,Cannot go in anymore #Trx,184500.0,1108.0,7874.0,5403.0,Discover essential crowd safety tips for the TRX Countdown 2025 event. Prepare for a safe and enjoyable experience! #RespectSecurityGuard #Trx,user1116245477931,1-1,boscowong92,00:03 / 00:27,2025-01-01,27,"['#RespectSecurityGuard', '#Trx']",Foreign
57,https://www.tiktok.com/@withloveyumi/video/7446208209888529671,"Such a beautiful moment for @Azula Cinta wedding entrance. ğŸ¤ğŸ¤ğŸ‘°ğŸ»â€â™€ï¸ ğŸ¤µğŸ» @Hafiy The Dude  Bridal: With Love Yumi Begin your forever with us. For packages and rates, reach us at forever@withloveyumi.com #withloveyumi #bridalsg #wedding #sgwedding #malayweddingsg #kahwinsg #mua #makeupartist #singaporebride",18200.0,0.0,726.0,1210.0,"Experience the touching wedding entrance of Azula Cinta and Hafiy, beautifully captured with special memories. #withloveyumi #bridalsg #wedding #sgwedding #kahwinsg",W I T H L O V E Y U M I,2024-12-9,withloveyumi,00:02 / 00:18,2024-12-9,18,"['#kahwinsg', '#makeupartist', '#bridalsg', '#wedding', '#withloveyumi', '#malayweddingsg', '#mua', '#singaporebride', '#sgwedding']",Foreign
58,https://www.tiktok.com/@ryankwak_/video/7474535303429098770,Who nags at me like my wife does ğŸ˜…,970100.0,1089.0,40000.0,65500.0,,Ryan Kwak,2-23,ryankwak_,00:08 / 00:11,2025-02-23,11,[],Family
59,https://www.tiktok.com/@amy.drummond/video/7453947959751838983,am I going on a grape hunt? #grapes #ny #2025 #nz,1300000.0,4718.0,36100.0,238000.0,Discover the meaning behind eating 12 grapes under the table this New Year and why itâ€™s a fun tradition to try in 2025! #grapes #ny #2025 #nz,Amy,2024-12-30,amy.drummond,00:03 / 00:06,2024-12-30,6,"['#2025', '#nz', '#ny', '#grapes']",Action/Adventure
60,https://www.tiktok.com/@theshortyray/video/7471717062142987538,first time bring 360 to group ride and things happen,13700.0,382.0,1053.0,15900.0,"Join us for an exhilarating group ride captured by a 360 camera, showcasing all the unforgettable moments on the road. #360Camera #GroupRide #Adventure",theshortyray,2-16,theshortyray,00:02 / 00:20,2025-02-16,20,"['#GroupRide', '#Adventure', '#360Camera']",Action/Adventure
61,https://www.tiktok.com/@elizabethelia.s/video/7450914604638539054,the baristas gave me a free cookie afterwards because she was yelling at me like this for 10 minutes. they were so sweet but why does weird shit like this keep happening to me.,5000000.0,22300.0,199100.0,50100.0,Discover the quirky side of late-night coffee shop visits and unexpected interactions. Join the journey of a barista's sweet act! #CoffeeShop #CoffeeTok #Karens,liz,2024-12-22,elizabethelia.s,00:02 / 00:13,2024-12-22,13,"['#CoffeeTok', '#CoffeeShop', '#Karens']",Drama
62,https://www.tiktok.com/@mothershipsg/video/7472664392258030866,huat! #tiktoksg #singapore #fyp #sgnews,14200.0,980.0,1105.0,4844.0,,Mothership,2-18,mothershipsg,00:07 / 00:22,2025-02-18,22,"['#tiktoksg', '#sgnews', '#fyp', '#singapore']",Sci-Fi/Fantasy
63,https://www.tiktok.com/@joeychok/video/7466325772303699208,I didnâ€™t know thereâ€™s labubu in Lion Dance during Chinese New Year and look at how it was squeezing itâ€™s ways through into the house. ğŸ¥¹  ##cny##cny2025##labubu##chinesenewyear##chinesenewyear2025##cnysg,14000.0,197.0,861.0,8764.0,Explore the exciting role of labubu in Lion Dance during Chinese New Year celebrations! Join the fun now! #cny #chinesenewyear #labubu,joeychokdx,2-1,joeychok,00:04 / 00:12,2025-02-01,12,"['#cny', '#cnysg', '#chinesenewyear2025', '#labubu', '#chinesenewyear', '#cny2025']",Foreign
64,https://www.tiktok.com/@straitstimes/video/7447152808987594001,The sister of the victim has arrived in Singapore to pay her respects at a makeshift altar. She had travelled from her home in Vietnam.  ğŸ“¹: Rubeen Raj | #sgnews #vietnamese #family,37100.0,756.0,2164.0,3150.0,,The Straits Times,2024-12-11,straitstimes,00:06 / 00:30,2024-12-11,30,"['#sgnews', '#family', '#vietnamese']",Family
65,https://www.tiktok.com/@fegiegie/video/7456502151536282885,baru kali ini liat orang mau take off pesawat tapi gkmau pake seatbelt? terus marahin pramugari karena maksa pake seatbelt??????? #batikair #malindoair,1700000.0,22200.0,82600.0,41500.0,Saksikan seorang penumpang pesawat batik air yang marah saat diminta menggunakan seatbelt. Apa yang terjadi selanjutnya? #batikair #malindoair,Fegie,1-6,fegiegie,00:03 / 00:13,2025-01-06,13,"['#malindoair', '#batikair']",Drama
66,https://www.tiktok.com/@supernaturalconfessions/video/7449284489513110791,"Headless man spotted along Yew Tee.  Bus number: 979 Road name: Choa Chu Kang Dr Time: 1.20pm Video was taken by Dennisâ€™ nephew when he was on his way to his student care. He took a video of the new water park and shared it on our family WhatsApp group. First to spot ""that thing"" was my sister and asking all of us if we saw the same thing. That's when we all looked at the video again and saw it, too. #supernatural #confessions",23700.0,390.0,2013.0,6148.0,Witness a mysterious headless figure captured on video in Yew Tee. Explore supernatural sightings with us! #supernatural #confessions,Supernatural Confessions,2024-12-17,supernaturalconfessions,00:04 / 00:26,2024-12-17,26,"['#confessions', '#supernatural']",Family
67,https://www.tiktok.com/@heykaki.sg/video/7443612674560249096,"â€œThe act of not giving upâ€ ğŸ’ª In the new video, @Simonboy opens up about his wild teen years and how heâ€™s trying his best to be a better father today. Watch to hear about his growth and the lessons heâ€™s learned along the way! ğŸ™Œ . . . #singapore #interview #questions #family #storytime #heykakisg",32100.0,475.0,1959.0,1744.0,Discover Simonboy's inspiring story of growth and dedication to fatherhood after his wild teen years. Join the conversation! #singapore #interview #family #storytime,HeyKaki å˜¿å¡å¥‡,2024-12-2,heykaki.sg,00:03 / 01:01,2024-12-2,61,"['#storytime', '#family', '#interview', '#singapore', '#heykakisg', '#questions']",Family
68,https://www.tiktok.com/@natflixandchill/video/7465310986900311304,Full time job is to embarrass my bf ğŸ˜† #CNY2025,48500.0,161.0,1504.0,9129.0,Join me as I embarrass my boyfriend in hilarious ways for Chinese New Year 2024! Enjoy the fun! #CNY2025 #EmbarrassingMyBoyfriend #FilmingBoyfriend,natflixandchill,1-29,natflixandchill,00:03 / 00:22,2025-01-29,22,"['#EmbarrassingMyBoyfriend', '#CNY2025', '#FilmingBoyfriend']",Family
69,https://www.tiktok.com/@stylefashionpv/video/7459597049013505281,"Orang yang takut kucing je faham perasaan bila ada orang protect kita dari kucing kan ğŸ¥¹ siapa macam nie? . Sorang pencinta kucing, sorang takut kucing ğŸ˜‚ elok sangat dah tuuuuu ğŸ¤­ . @primavalet",461500.0,7624.0,30200.0,24600.0,"Saksikan momen lucu Bella yang takut kucing, dilindungi oleh Syed Saddiq! Ketahui lebih lanjut tentang kisah ini. #takutkucing #BellaAstillah #SyedSaddiq",stylefashionpv,1-14,stylefashionpv,00:02 / 00:09,2025-01-14,9,"['#takutkucing', '#BellaAstillah', '#SyedSaddiq']",Drama
70,https://www.tiktok.com/@lukeychan6/video/7476035021367774482,Are there funerals at heaven? ğŸ˜­ might need another oneğŸ™ğŸ¼,111500.0,637.0,5857.0,27600.0,Explore the concept of funerals in heaven and the emotions tied to loss. Discover insights on this profound topic. #heaven #funerals #pasta #kpopdance,Lukeychan6,4d ago ,lukeychan6,00:02 / 00:36,2025-03-04,36,"['#kpopdance', '#heaven', '#pasta', '#funerals']",Horror
71,https://www.tiktok.com/@ronaldwan/video/7455726192721710343,NOT a hidden gem. Everyone knows Hot Spot at Burlington Square. Everyone orders tom yum noodles with fried fish and fried egg lah. #food #sgfood #foodie #foodtiktok,25900.0,189.0,9730.0,7507.0,Explore Hot Spot at Burlington Square for delicious tom yum noodles with fried fish and egg. A must-try for every food lover! #food #sgfood #foodie #foodtiktok,wanfortheroad,1-4,ronaldwan,00:02 / 00:17,2025-01-04,17,"['#food', '#foodie', '#foodtiktok', '#sgfood']",Foreign
72,https://www.tiktok.com/@mothershipsg/video/7459960450256588040,Singapore represent âœŒï¸ğŸ‡¸ğŸ‡¬ #spuds #spudbros #spudbrothers #food #foodies #foodtok #yummy #singapore #sgtiktok,30300.0,191.0,1581.0,2727.0,,Mothership,1-15,mothershipsg,00:08 / 01:09,2025-01-15,69,"['#spudbrothers', '#foodtok', '#food', '#spudbros', '#foodies', '#sgtiktok', '#spuds', '#singapore', '#yummy']",Family
73,https://www.tiktok.com/@schizhoe9/video/7466096587702357266,#REBELğŸ˜ˆ #Baddie #MyLifeMyRules #savage #sigma #YOLO #BORING #CoolKid #2Kool4Skool #jctok #AlphaMale,46600.0,349.0,2121.0,3375.0,Discover how to break free from mundane routines and embrace your true self. Join the rebel spirit! #REBEL #MyLifeMyRules #YOLO #CoolKid,ğŸ¦Œ,1-31,schizhoe9,00:03 / 00:06,2025-01-31,6,"['#2Kool4Skool', '#REBEL', '#AlphaMale', '#CoolKid', '#Baddie', '#savage', '#YOLO', '#jctok', '#BORING', '#sigma', '#MyLifeMyRules']",Foreign
74,https://www.tiktok.com/@sherrinandyixi/video/7467554523624574216,should have just bought real flowersâ€¦,4100000.0,12500.0,162100.0,161700.0,Create stunning DIY lipstick flowers for Valentine's Day! Melt and mold your favorite lipsticks into beautiful keepsakes. #lipstickflower #ValentinesDay #DIY,sherrin and yixi,2-4,sherrinandyixi,00:03 / 00:34,2025-02-04,34,"['#DIY', '#ValentinesDay', '#lipstickflower']",Foreign
75,https://www.tiktok.com/@_azizluminiq/video/7465411870866902279,Happy CNY...from my neighbour's dog.,21900.0,169.0,671.0,12400.0,Join the celebration with my neighbor's happy dog this Chinese New Year! Enjoy delightful moments and adorable reactions. #ç‹—ç‹—æ–°å¹´ #HappyDog #DogVideos,Azizluminiq,1-30,_azizluminiq,00:02 / 00:05,2025-01-30,5,"['#ç‹—ç‹—æ–°å¹´', '#DogVideos', '#HappyDog']",Pets & Animals
76,https://www.tiktok.com/@etsyy.yamaguchi/video/7467408161893535022,the third one at grandmas house @Ozomatli #grammys #fypage,5500000.0,12900.0,172000.0,18600.0,Discover the heartfelt memories of Jiro Yamaguchi and his Grammy legacy at his grandma's house. Explore family bonds and music history. #grammys #grammyawards2025,etsy yamaguchi,2-4,etsyy.yamaguchi,00:02 / 00:08,2025-02-04,8,"['#grammyawards2025', '#fypage', '#grammys']",Foreign
77,https://www.tiktok.com/@livingwithsienna/video/7463519741466938667,My dream is to be a food tiktoker but maybe itâ€™s not for meğŸ’” #chilis #cheesepull #foodie #foodreview #friends #mukbang,4800000.0,30400.0,176600.0,64900.00000000001,"Explore my journey to become a food TikToker, capturing moments like the perfect cheese pull. Join me in my foodie adventures! #chilis #cheesepull #foodie #foodreview #mukbang",Sienna,1-25,livingwithsienna,00:04 / 00:06,2025-01-25,6,"['#foodreview', '#mukbang', '#foodie', '#chilis', '#friends', '#cheesepull']",Foreign
78,https://www.tiktok.com/@shanylbrb/video/7456034146217889032,where to buy bigger picnic mats?!?? #picnicmats #tiktoksg,24400.0,194.0,665.0,2385.0,Discover where to purchase bigger picnic mats for your outdoor adventures. Don't get scammed! Find out the best options available. #picnicmats #tiktoksg,Shanyl âœˆï¸,1-4,shanylbrb,00:03 / 00:10,2025-01-04,10,"['#tiktoksg', '#picnicmats']",Shows
79,https://www.tiktok.com/@peetmontzingo/video/7461073916316994847,nice working with u @Vicki Montzingo ğŸ¤,5500000.0,77200.0,259800.0,213100.0,,Peet Montzingo,1-18,peetmontzingo,00:07 / 00:12,2025-01-18,12,[],Shows
80,https://www.tiktok.com/@myo.saurus/video/7460489739683056903,Why are 10yr olds obssessed with Squid Game S2????? #squidgame #squidgameseason2 #ddakji #sg,14600.0,336.0,1980.0,4524.0,Explore why 10-year-olds are captivated by Squid Game Season 2. Discover insights and trends in children's entertainment. #squidgame #squidgameseason2,Myo ğŸ™‡ğŸ»â€â™€ï¸,1-16,myo.saurus,00:02 / 00:09,2025-01-16,9,"['#ddakji', '#squidgame', '#sg', '#squidgameseason2']",Gaming
81,https://www.tiktok.com/@faithh_fae/video/7444339827601870122,"Its gotta be scary as hell being in South Korea rn but i have to applaud a woman with the guts 2 grab a soldiers pewpew while living under martial law, thats next level #southkorea #korea #seoul #news #martiallaw #fyp #politics #viralvideo #viral #fypã‚· #fy",2500000.0,3832.0,124800.0,25300.0,,FaithğŸ¾ğŸŒ“,2024-12-4,faithh_fae,00:08 / 00:08,2024-12-4,8,"['#seoul', '#news', '#fyp', '#politics', '#viral', '#southkorea', '#viralvideo', '#korea', '#fy', '#fypã‚·', '#martiallaw']",Foreign
82,https://www.tiktok.com/@dailymail/video/7444297197992250670,"South Koreaâ€™s President Yoon Suk Yeol declared emergency martial law on Tuesday, wreaking havoc in Seoul. As protests marched towards the parliament building, the president deployed military helicopters and tanks.  The speaker of parliament later declared the law invalid as lawmakers voted to block it with the unanimous backing of 190 members present. ğŸ¥ Reuters #southkorea #korea #asia #news #martiallaw #seoul",1800000.0,15700.0,119300.0,116300.0,"Discover the latest updates on South Korea's emergency martial law declared amid protests, with Parliament's swift response. #southkorea #news #martiallaw",Daily Mail,2024-12-4,dailymail,00:02 / 00:40,2024-12-4,40,"['#seoul', '#news', '#southkorea', '#korea', '#martiallaw', '#asia']",News & Politics
83,https://www.tiktok.com/@officialnamour/video/7443788973534711096,Quizzed @YUNG RAJA on his knowledge of Singapore ğŸ‡¸ğŸ‡¬ #singapore #country #trivia #geography #interview,42400.0,440.0,2245.0,1493.0,Join YUNG RAJA as he takes on a Singapore geography quiz! Discover fun facts and trivia about the country. #singapore #trivia #geography #interview,Namour,2024-12-2,officialnamour,00:03 / 00:55,2024-12-2,55,"['#trivia', '#geography', '#interview', '#country', '#singapore']",Foreign
84,https://www.tiktok.com/@alangoh98/video/7450640866764410128,,9783.0,500.0,788.0,6507.0,,ALAN,2024-12-21,alangoh98,00:08 / 00:28,2024-12-21,28,[],Others
85,https://www.tiktok.com/@kaspahonpc/video/7444803645993979143,Panama #fyp #kaspahon,527800.0,3908.0,26100.0,150300.0,Learn about the term used for people from Panama and explore the cultural significance behind it. Discover more about Panama! #panama #kaspahon,Kaspahon,2024-12-5,kaspahonpc,00:03 / 00:08,2024-12-5,8,"['#kaspahon', '#panama', '#fyp']",Foreign
86,https://www.tiktok.com/@jessvalortiz/video/7466955651709799723,Iâ€™m doomed ğŸ˜€ @haleyybaylee,7000000.0,3734.0,157600.0,13900.0,Discover the latest glambot results featuring Haley Baylee at the 2025 Grammys. Get insights and highlights here! #haleybaylee #glambot2025,Jess Val,2-3,jessvalortiz,00:02 / 00:07,2025-02-03,7,"['#haleybaylee', '#glambot2025']",Horror
87,https://www.tiktok.com/@jacksonsim77/video/7474933531316161800,fake deals for clout? ğŸ˜® #sgdramarecap,81700.0,993.0,5485.0,3273.0,Discover the unfolding drama of a Singaporean's experience at Sneaker Con where he felt scammed by Culture Kicks. Find out what happened! #sgdramarecap #culturekicks #sneakercon,jacksonsim ğŸ¥°ğŸ¥µğŸ˜³ğŸ’€ğŸ˜­,1w ago ,jacksonsim77,00:02 / 00:42,2025-03-01,42,"['#culturekicks', '#sneakercon', '#sgdramarecap']",Drama
88,https://www.tiktok.com/@pale.nerves/video/7453317932194532626,nothing wakes me up faster than free food bah,266200.0,509.0,7600.0,21900.0,,Kai ğŸ’§,2024-12-28,pale.nerves,00:06 / 00:06,2024-12-28,6,[],Foreign
89,https://www.tiktok.com/@_lilyy..edits_/video/7457958431165533473,proof i would win squid game ğŸ˜ŒğŸ˜Œ #viral #viralvideo #fyp #squidgame #seongihun #daeho #thanos #player230#joyuri #bangbangbang #bigbang,9100000.0,47500.0,608000.0,532600.0,"Discover how to excel in Squid Game challenges and win! Explore tips, strategies, and character analyses. #squidgame #seongihun #player230",lilyy,1-10,_lilyy..edits_,00:02 / 00:06,2025-01-10,6,"['#player230', '#viral', '#fyp', '#bigbang', '#daeho', '#thanos', '#squidgame', '#viralvideo', '#seongihun', '#joyuri', '#bangbangbang']",Shows
90,https://www.tiktok.com/@rocky.flys/video/7458989803850255634,Bruh i was lit so scared to do it not exposing the sch thoo #campfire #secondaryschool#aura #risk,18000.0,257.0,1058.0,2242.0,Join us as we share outrageous campfire stories and the scariest moments at secondary school! Perfect for thrill-seekers. #campfire #secondaryschool #risk,Rocky.flys,1-12,rocky.flys,00:03 / 00:13,2025-01-12,13,"['#campfire', '#aura', '#risk', '#secondaryschool']",Horror
91,https://www.tiktok.com/@undauntingexploration/video/7460194246167956754,Have you heard about this place in Singapore?,98100.0,526.0,11200.0,12300.0,"Discover the eerie remnants of Tuas TV World, an abandoned fake town from the 1990s in Singapore. Join us on a journey through hidden spots and urban exploration! #HiddenPlacesSingapore #UrbanExploration",Undaunting Exploration,1-16,undauntingexploration,00:03 / 00:11,2025-01-16,11,"['#HiddenPlacesSingapore', '#UrbanExploration']",Foreign
92,https://www.tiktok.com/@yara_goryanskiy/video/7465441997516442900,Ğ—Ğ°ÑˆÑ‘Ğ» Ğ½Ğµ Ğ² Ñ‚Ñƒ Ğ´Ğ²ĞµÑ€ÑŒ.)ğŸ˜¹ Ñ‚Ğ³ ĞºĞ°Ğ½Ğ°Ğ»: yaragoryanskiy,24400000.0,212600.0,1400000.0,3600000.0,,Yara,1-30,yara_goryanskiy,00:08 / 00:13,2025-01-30,13,[],Foreign
93,https://www.tiktok.com/@jenok1th/video/7470732778661825800,#whyNP goodbye toilet I will miss u. YEAR 3 DONEEE,24700.0,137.0,1323.0,8779.0,Join us as we bid farewell to NP and share memories from the school toilets. Discover the ups and downs of school facilities! #goodbye #toilet #schools,â™°,2-13,jenok1th,00:02 / 00:07,2025-02-13,7,"['#goodbye', '#schools', '#whyNP', '#toilet']",Foreign
94,https://www.tiktok.com/@peytongelston/video/7460716340374981934,like what the h is this,5000000.0,144700.0,152300.0,182400.0,,Peyton Gelston,1-17,peytongelston,00:05 / 00:05,2025-01-17,5,[],Foreign
95,https://www.tiktok.com/@aimrun/video/7457861557750353172,would you have let me have some?ğŸ¦ #xyzbca #aimrun #tiktok #fyp,70300.0,345.0,2373.0,14000.0,Discover the importance of sharing with a delightful ice cream story! Join us for a fun perspective on generosity. #xyzbca #aimrun #tiktok,AimRun,1-9,aimrun,00:03 / 00:27,2025-01-09,27,"['#xyzbca', '#fyp', '#tiktok', '#aimrun']",Foreign
96,https://www.tiktok.com/@xinxinhuihuii/video/7469119638710799624,no caishenye/plushies were hurt in the making of this video ğŸ¤ğŸ» #haidilaoclarkequay #haidilaohotpot #haidilaosingapore #foryou #foryoupage #fyp #xyzbca #sgtok,25600.0,62.0,1397.0,2158.0,Discover the fun of Haidilao hotpot with plushies! No plushies were harmed during this delightful experience. Join the culinary adventure! #haidilaoclarkequay #haidilaohotpot #haidilaosingapore,æ¬£æ¬£ç°ç°,2-9,xinxinhuihuii,00:02 / 00:08,2025-02-09,8,"['#xyzbca', '#fyp', '#foryou', '#haidilaoclarkequay', '#foryoupage', '#haidilaosingapore', '#haidilaohotpot', '#sgtok']",Shows
97,https://www.tiktok.com/@hawkergirl98/video/7458243661948521736,HI PUNGGOL RESIDENTS!!!  WE ARE NOW OPENED TILL 9.40PM FOR BOTH OUTLETS.  #baldandtasty #botakporridge,16700.0,494.0,530.0,584.0,Discover Punggol's best porridge! We're now open until 9:40 PM daily. Visit us for a bowl of comfort food. #singapore #hawker #food #botakporridge,Botak Porridge,1-10,hawkergirl98,00:02 / 00:18,2025-01-10,18,"['#botakporridge', '#food', '#hawker', '#singapore', '#baldandtasty']",Comedy
98,https://www.tiktok.com/@zaobaosg/video/7446665633955187975,ç›®å‡»è€…å‘Šè¯‰ã€Šè”åˆæ—©æŠ¥ã€‹ï¼Œè¡Œå‡¶ç”·å­åœ¨ä¼—ç›®ç½ç½ä¸‹æŒ¥åˆ€ç äººï¼Œå››å‘¨äººç¾¤å“å¾—çº·çº·èµ°é¿ï¼Œç°åœºé¡¿æ—¶æƒŠå«å£°å››èµ·ã€‚ å¥³èŒå‘˜è¿ä¸­å…­ä¸ƒåˆ€åå€’åœ°æ˜è¿·ï¼Œè¢«ç´§æ€¥é€é™¢æŠ¢æ•‘ä¸ä¹…ä¾¿ä¼¤é‡èº«äº¡ã€‚ æ›´æ­£ï¼šæ˜¾å‡¶ä¸º42å²ä¸­å›½ç”·å­ï¼Œ26å²ç”·å­ä¸ºè¢«åˆºä¼¤åº—å‘˜ #zaobaosg #sgnews #singapore #kovan #hougang #sgfyp #tiktoksg #tiktoksingapore #stab #crimestories #crime #singaporetrending #trendingvideo #trending #fyp #fyf #æ–°åŠ å¡ #æ–°åŠ å¡ç”Ÿæ´» #é«˜æ–‡ #åæ¸¯,10200.0,424.0,1236.0,12500.0,,zaobaosg,2024-12-10,zaobaosg,00:03 / 00:53,2024-12-10,53,"['#stab', '#kovan', '#tiktoksingapore', '#åæ¸¯', '#é«˜æ–‡', '#singapore', '#sgfyp', '#crime', '#trendingvideo', '#fyf', '#tiktoksg', '#æ–°åŠ å¡ç”Ÿæ´»', '#hougang', '#zaobaosg', '#fyp', '#æ–°åŠ å¡', '#crimestories', '#sgnews', '#trending', '#singaporetrending']",News & Politics
99,https://www.tiktok.com/@kdarshen/video/7471855548858731784,"You deserve love & good things too ğŸ¥ºğŸŒ¹ğŸ’• and if you feel lonely, I totally understand and I pray for the loneliness in your heart to be gone. I love you â™¥ï¸",56100.0,194.0,1227.0,1983.0,Embrace love and joy this Valentine's Day! Discover the beauty of receiving love and good things in your life. #ValentinesDay #LoveFlowers #February14,Darshen,2-16,kdarshen,00:02 / 00:18,2025-02-16,18,"['#February14', '#ValentinesDay', '#LoveFlowers']",Shows
100,https://www.tiktok.com/@mrbeast/video/7460191038293069102,TikTok check your inbox ğŸ‘€ @TikTok,16100000.000000002,454800.0,1000000.0,1300000.0,,MrBeast,1-16,mrbeast,00:04 / 00:12,2025-01-16,12,[],Entertainment
101,https://www.tiktok.com/@workingwithmonolids/video/7465943503873314056,i miss those days ğŸ˜­ happy CNY 2025 to everyone celebrating!,83000.0,171.0,1591.0,1962.0,Join us as we celebrate Chinese New Year 2025! Remembering the joyful moments and traditions that bring us together. #CNY2025 #GongXiFaCai,Itâ€™s Evee,1-31,workingwithmonolids,00:03 / 00:07,2025-01-31,7,"['#GongXiFaCai', '#CNY2025']",Family
102,https://www.tiktok.com/@timmytubbytv/video/7445897569915456775,#SGCC,133600.0,2162.0,7270.0,7186.0,Explore tips for creating the perfect Chewbacca cosplay from Star Wars characters. Join the fun and showcase your creativity! #SGCC #Chewbacca #StarWars,TimmyTubby,2024-12-8,timmytubbytv,00:02 / 00:09,2024-12-8,9,"['#SGCC', '#Chewbacca', '#StarWars']",Sports
103,https://www.tiktok.com/@mothershipsg/video/7473698023692864786,i've already written 10 fanfics in my mind ğŸ˜‡ #malaysia #firefighter #fireman #malaysiatiktok #fyp #firemen,156000.0,1752.0,9235.0,18500.0,,Mothership,2-21,mothershipsg,00:07 / 00:26,2025-02-21,26,"['#fyp', '#firemen', '#malaysiatiktok', '#firefighter', '#malaysia', '#fireman']",Foreign
104,https://www.tiktok.com/@akilahrelefordgould/video/7465166436093185323,Life is so funny ğŸ˜‡ #husbandwife #blackgirltiktok #musicindustry #funny @Andrew Gould,2000000.0,2580.0,57500.0,20100.0,Discover how humor plays a role in marriage and music with Andrew Gould. Join the fun! #husbandwife #blackgirltiktok #musicindustry #funny,Akilah Releford- Gould,1-29,akilahrelefordgould,00:03 / 00:08,2025-01-29,8,"['#blackgirltiktok', '#husbandwife', '#funny', '#musicindustry']",Music
105,https://www.tiktok.com/@kirbyruruagain/video/7445618969542708488,Ruru nation how we feeling?,83400.0,497.0,4959.0,17000.0,"Join Ruru Nation at Comic Con Singapore! Discover fan service, tattoos, and the latest from Rurusama. Don't miss out! #ComicCon #RuruSama #SingaporeArtist",rurusama9,2024-12-7,kirbyruruagain,00:02 / 00:16,2024-12-7,16,"['#SingaporeArtist', '#ComicCon', '#RuruSama']",Family
106,https://www.tiktok.com/@corn_bite/video/7471326821775133998,Itâ€™s so pretty ğŸ˜­ğŸ˜­ğŸ˜­ #fyp,3900000.0,4604.0,159800.0,25200.0,"Discover the beauty of Mara Paris drip rings! Explore styles, tips, and how to choose your perfect piece. #cute #rings #mara #dripring",Corn,2-15,corn_bite,00:04 / 00:07,2025-02-15,7,"['#fyp', '#rings', '#dripring', '#mara', '#cute']",Foreign
107,https://www.tiktok.com/@carsonlueders/video/7458371986562026783,pray for LA â¤ï¸â€ğŸ©¹,11100000.0,128100.0,517100.0,146700.0,Join us in sending prayers for Los Angeles as wildfires affect many lives. Stay informed and support those in need. #prayla #losangelesfire,Carson Lueders,1-11,carsonlueders,00:04 / 00:24,2025-01-11,24,"['#losangelesfire', '#prayla']",Family
108,https://www.tiktok.com/@hashy.wav/video/7467382385248701703,"Going to concerts are hard for me. I can walk short distances. But long distances/queues/standing for long periods/stairs are so hard for me that I get frustrated, brain fog and no more energy to enjoy anything. So we decided to use the wheelchair for CAS concert! 10/10 enjoyment and my energy levels were great. I was in the best mood the whole time. Also, 10/10 very self-conscious but itâ€™s just a me problemğŸ¥ºğŸ¥²",15400.0,32.0,271.0,481.0,"Discover how using a wheelchair transformed my concert experience, allowing me to enjoy music without exhaustion. #WheelchairMoment #Concerts",hashy,2-4,hashy.wav,00:02 / 00:11,2025-02-04,11,"['#WheelchairMoment', '#Concerts']",Entertainment
109,https://www.tiktok.com/@iloveflaminghotcheetoss/video/7458250386244242696,,255000.0,2387.0,18300.0,31400.0,Join students showcasing the chin dance in a vibrant Egyptian school ambiance. Discover easy TikTok dances and fun movements. #ChinDance #EasyTikTokDances,orcaËšâœ§,1-10,iloveflaminghotcheetoss,00:02 / 00:07,2025-01-10,7,"['#ChinDance', '#EasyTikTokDances']",Others
110,https://www.tiktok.com/@vannytelly/video/7454541392166079751,"Before that I was standing by the traffic light drenched in rain while by-standers with umbrellas â˜”ï¸ stood by nonchalantly. (Not that Iâ€™m entitled to be offered but I would have asked if I saw someone else being drenched in rain without an umbrella) When this kind bus driver uncle opened up a brolly for his passengers up & down, it warmed my heart. Thank you for your kindness. ğŸ©µâœ¨ Â· Â· Â· Â· Â· #fyp #kindness #kind #kindactions #busdriver #smrt #smrtbuses #buscaptainstorytimes #buscaptain #storytime #touched @SMRTTrainsSG",30200.0,676.0,2545.0,1432.0,Discover a touching moment of kindness from a bus driver who opened his umbrella for passengers during a downpour. A story that warms the heart! #kindness #busdriver #storytime,Vanny,2024-12-31,vannytelly,00:02 / 00:19,2024-12-31,19,"['#storytime', '#fyp', '#busdriver', '#kind', '#smrtbuses', '#smrt', '#buscaptain', '#kindactions', '#kindness', '#touched', '#buscaptainstorytimes']",Foreign
111,https://www.tiktok.com/@barstoolsports/video/7470396816593325355,The reaction ğŸ’€ @Million Dollaz (via:@o1dham),4200000.0,4786.0,233500.0,54300.0,Join Yung Gravy as he reacts to a pulled pork sandwich in this hilarious video! Expect laughs and tasty treats! #porksandwich #yunggravy #sandwichreaction,Barstool Sports,2-12,barstoolsports,00:04 / 00:09,2025-02-12,9,"['#yunggravy', '#porksandwich', '#sandwichreaction']",Entertainment
112,https://www.tiktok.com/@harryjaggardtravel/video/7445875264678071584,"Magic Water in Quiapo, Manila! ğŸ‡µğŸ‡­ #manila #philippines #phtiktok #fyp",2800000.0,15700.0,194700.0,72900.0,"Uncover the magic water recipe and how to make it in Quiapo, Manila. A unique Philippine experience awaits you! #manila #philippines #phtiktok",Harry Jaggard,2024-12-8,harryjaggardtravel,00:03 / 01:04,2024-12-8,64,"['#philippines', '#manila', '#fyp', '#phtiktok']",Sci-Fi/Fantasy
113,https://www.tiktok.com/@nadia.limzq/video/7465358660215049490,i swear everyone does this #cny,118200.0,448.0,4005.0,12400.0,Discover how to select the best angpao for your Chinese New Year celebrations. Tips on maximizing your festive gifts! #CNY #Angpao #ChineseNewYear,nadia ğŸ’—,1-29,nadia.limzq,00:02 / 00:08,2025-01-29,8,"['#cny', '#CNY', '#Angpao', '#ChineseNewYear']",Comedy
114,https://www.tiktok.com/@8world.news/video/7443881297883352338,è­¦æ–¹åœ¨æœä½›è·¯ï¼ˆDover Roadï¼‰å‘ç”Ÿå‘½æ¡ˆåï¼Œå°é”ç°åœºæ•°å°æ—¶æŸ¥æ¡ˆï¼Œäºæ˜ŸæœŸäºŒï¼ˆ3æ—¥ï¼‰å‡Œæ™¨æ—¶åˆ†å°†å¥³æ­»è€…çš„é—ä½“è½½èµ°ï¼ŒåŒæ—¶ä¹Ÿä»ç°åœºå–èµ°äº†11è¢‹è¯ç‰©ã€‚#æ–°åŠ å¡  #sgnews  #dover #å‘½æ¡ˆ.     Auto translation might not be accurate. Click to see original.,45800.0,1676.0,4365.0,11000.0,,8è§†ç•Œæ–°é—»ç½‘,2024-12-3,8world.news,00:03 / 01:10,2024-12-3,70,"['#dover', '#sgnews', '#å‘½æ¡ˆ', '#æ–°åŠ å¡']",Foreign
115,https://www.tiktok.com/@katiefanggg/video/7461514565260463365,HELLO I HOPE THIS POSTS,2100000.0,9007.0,59500.0,75200.0,,Katie Fang,1-19,katiefanggg,00:07 / 00:08,2025-01-19,8,[],Shows
116,https://www.tiktok.com/@lielnicole/video/7472232019527879944,,39500.0,84.0,1149.0,4944.0,"Discover the top permanent makeup options for your wedding day, tailored for Asian beauty. Enhance your look effortlessly! #weddingmakeup #permanentmakeup",lielnicole,2-17,lielnicole,00:03 / 00:19,2025-02-17,19,"['#weddingmakeup', '#permanentmakeup']",Others
117,https://www.tiktok.com/@placentalulu/video/7472363692512972039,Where my singlit  #fyp #kinokuniya,11700.0,229.0,458.0,4818.0,"Discover the unique ambiance of Kinokuniya's cafe in Singapore, including recent changes and new offerings. #kinokuniya #singaporecafe #bookstore",tasha,2-17,placentalulu,00:02 / 00:06,2025-02-17,6,"['#bookstore', '#singaporecafe', '#fyp', '#kinokuniya']",Foreign
118,https://www.tiktok.com/@supercatkei/video/7463786909400173842,"But Senator.. I'm SingaporeanğŸ¥º No, this was not a skit, and yes, #Galaxyai is truly game-changingğŸ˜† #tiktoksg #supercatkei #TeamGalaxy #WithGalaxy #GalaxyS25Ultra #GalaxyS25 @Samsung Singapore @SamsungUS",58900.0,1009.0,2602.0,2267.0,Discover the innovations of the Samsung Galaxy S25 Ultra launch in Singapore. Don't miss this essential showcase of cutting-edge technology! #Samsung #GalaxyS25Ultra #tiktoksg,supercatkei,1-25,supercatkei,00:02 / 00:25,2025-01-25,25,"['#WithGalaxy', '#tiktoksg', '#GalaxyS25Ultra', '#GalaxyS25', '#Galaxyai', '#Samsung', '#supercatkei', '#TeamGalaxy']",Anime/Animation
119,https://www.tiktok.com/@aliceohalice0/video/7467476866178239762,Slayyy #monolid #monolideyes #monolidmakeup,1900000.0,3419.0,73000.0,43200.0,"Discover expert tips for monolid eyes makeup, from puppy eyeliner to special occasion looks. Perfect your technique with our tutorial! #monolid #monolideyes #monolidmakeup",Alice | Cik Ojan ğŸ¼âœ¨,2-4,aliceohalice0,00:02 / 00:07,2025-02-04,7,"['#monolidmakeup', '#monolideyes', '#monolid']",Entertainment
120,https://www.tiktok.com/@dudeperfect/video/7462812252538817835,bro was doing his routine ğŸ˜­ğŸ™ğŸ»#glassball #stephcurry,8500000.0,16100.000000000002,384700.0,170300.0,Discover the intriguing routine of Steph Curry with his glass ball! A must-watch for basketball fans. #glassball #stephcurry,Dude Perfect,1-23,dudeperfect,00:04 / 00:08,2025-01-23,8,"['#stephcurry', '#glassball']",Sports
121,https://www.tiktok.com/@chrisashley/video/7456325671049071915,Let me sit down somewhere ğŸ«¥ #mask,3200000.0,21900.0,141100.0,188800.0,Discover the significance of white mesh masks and their cultural impact. Join the conversation around the latest trends in mask-wearing! #mask #maskguy,Chris Ashley,1-5,chrisashley,00:04 / 00:13,2025-01-05,13,"['#mask', '#maskguy']",Foreign
122,https://www.tiktok.com/@mothershipsg/video/7458112613562469639,"another day, another toddler singing APT #fyp #apt #brunomars #rose #trending",431300.0,1388.0,14500.0,65700.0,,Mothership,1-10,mothershipsg,00:08 / 00:09,2025-01-10,9,"['#fyp', '#apt', '#rose', '#trending', '#brunomars']",Music
123,https://www.tiktok.com/@hendoritoo/video/7466822407026806034,and I have to listen to people saying they got $500 in åˆä¸€ aloneğŸ˜­ğŸ§§Iâ€™M FINNA CRASH OUT #fyp #sgtiktok #cny2025 #chinesenewyear #malaysiatiktok #viral,42700.0,474.0,1314.0,6503.0,"Discover the unique experiences of a Singaporean during CNY house visits to Malaysia, including traditions and challenges. #CNY2025 #Malaysiatiktok #ChineseNewYear",Hendrick,2-2,hendoritoo,00:02 / 00:12,2025-02-02,12,"['#viral', '#fyp', '#CNY2025', '#malaysiatiktok', '#sgtiktok', '#chinesenewyear', '#ChineseNewYear', '#cny2025', '#Malaysiatiktok']",Horror
124,https://www.tiktok.com/@fauziazzhar/video/7458465732225977617,Wah very cold leh in Singapore!!!,37700.0,687.0,1709.0,12800.0,Discover the unexpected cold weather in Singapore as we explore what to wear during a chilly day. Don't miss out on this cool experience! #singapore #coldweather #singaoremonsoon,Fauzi Azzhar,1-11,fauziazzhar,00:02 / 00:09,2025-01-11,9,"['#singaoremonsoon', '#singapore', '#coldweather']",Foreign
125,https://www.tiktok.com/@houseofhighlights/video/7470368799041228078,Yall would never see me again ğŸ˜…ğŸ˜‚ (@Beth Martey ğŸ‡¬ğŸ‡­ğŸ‡ªğŸ‡¸) #gym #workout #fitness #fail,2100000.0,23500.0,97500.0,797700.0,Watch the funniest gym fail moments with Beth Martey trying to workout! Prepare to laugh your way at this epic fail compilation! #gym #workout #fitness #fail #BethMartey,House of Highlights,2-12,houseofhighlights,00:03 / 00:09,2025-02-12,9,"['#workout', '#BethMartey', '#fitness', '#gym', '#fail']",Sports
126,https://www.tiktok.com/@naploes/video/7465377037126094087,Im so confused whatâ€™s happening?? #cny2025,293400.0,5004.0,24600.0,15100.0,Discover the mystery of receiving an empty red packet this CNY 2025. What does it mean? Join the conversation now! #cny2025 #emptyredpacket,naploesğŸ˜ˆ,1-30,naploes,00:03 / 00:21,2025-01-30,21,"['#cny2025', '#emptyredpacket']",Foreign
127,https://www.tiktok.com/@thehelenluna/video/7462608495079083306,HELPPPPPPP THIS ISS SO FUNNYğŸ˜­ğŸ˜­ğŸ˜­ (the original video isnâ€™t someoneâ€™s actual engagement ring),4200000.0,23500.0,251000.0,972000.0,Watch this hilarious engagement ring prank video featuring a unique twist! Find out more about the 'I said yes' mini rings and ring pop antics. #engagementring #ringprank,Helen | Social Media,1-22,thehelenluna,00:02 / 00:08,2025-01-22,8,"['#ringprank', '#engagementring']",Comedy
128,https://www.tiktok.com/@darontheblasian/video/7455365095351225646,Theyâ€™re removing highlights and changing it to TABS ğŸ˜©ğŸ˜©ğŸ˜©ğŸ˜© #fyp #fypã‚· #blowthisup,2700000.0,9534.0,79000.0,221900.0,Discover the latest Instagram update on removing highlight circles. Check out the new changes here! #fyp #fypã‚· #blowthisup,daron,1-3,darontheblasian,00:02 / 00:07,2025-01-03,7,"['#blowthisup', '#fypã‚·', '#fyp']",Foreign
129,https://www.tiktok.com/@naomineo/video/7474946591347019026,"iâ€™m not crying, you are ğŸ˜­ kyâ€™s all grown up now ğŸ¥¹ #momandson #momlife #momtok",26800.0,107.0,621.0,1709.0,Join us in celebrating the emotional journey of a boy growing up. Discover heartfelt moments between a mother and her son. #momandson #momlife #momtok,Naomi,1w ago ,naomineo,00:02 / 00:14,2025-03-01,14,"['#momlife', '#momandson', '#momtok']",Family
130,https://www.tiktok.com/@lorraine.han_/video/7454875269883563282,im so confused. itâ€™s so randomğŸ˜ƒ,9430.0,90.0,308.0,2102.0,Explore how to use clear magnetic eyeliner and reusable lashes effectively. Perfect for beginners! #magneticlashes #makeuptips #beauty,lorraine.han_,1-1,lorraine.han_,00:02 / 00:06,2025-01-01,6,"['#beauty', '#makeuptips', '#magneticlashes']",Foreign
131,https://www.tiktok.com/@dailymail/video/7467890128027962655,"Hashem Shams filmed himself in a locked toilet at Orebro's Risbergska adult education centre, as loud gunshots were heard outside. Hashem climbed onto the sink to avoid being shot through the door. He remained silent but put text on his video that read: 'People are calling for help,' as alarms were heard. In another clip, Hashem cried 'I'm a student!' as armed police entered the building. Eleven people were shot dead in the shocking mass attack on Tuesday. The 35-year-old suspect then turned the gun on himself following the rampage, according to police. Read more at DailyMail.com  ğŸ¥ Instagram/ Haashemshams #sweden #swedish #scary #attack #cops #student #school",3600000.0,20900.0,213900.0,93800.0,"Experience the harrowing footage of a student hiding during a terrifying attack at Risbergska school in Orebro, Sweden. #sweden #scary #attack #student",Daily Mail,2-5,dailymail,00:02 / 00:12,2025-02-05,12,"['#school', '#sweden', '#attack', '#scary', '#swedish', '#student', '#cops']",Videoblogging
132,https://www.tiktok.com/@scxrface.xo_/video/7454440964715711752,,24600.0,88.0,1406.0,7237.0,Explore distinctive New Year wishes and how friends celebrate together. Join the fun for a memorable start to the year! #HappyNewYear #NewYearWishes #Salakau,Scxrface.xo,2024-12-31,scxrface.xo_,00:02 / 00:07,2024-12-31,7,"['#Salakau', '#NewYearWishes', '#HappyNewYear']",Others
133,https://www.tiktok.com/@daizamazze/video/7466647462376115463,eye wan two? eye twelve? one one two? #singapore #malls #fypsg,9738.0,273.0,190.0,1399.0,"Explore shopping, dining, and entertainment at i12 Mall in Singapore. Perfect for a fun day out! #singapore #malls",daisy â€¢ singapore woman,2-2,daizamazze,00:04 / 00:19,2025-02-02,19,"['#fypsg', '#singapore', '#malls']",Foreign
134,https://www.tiktok.com/@valmxcu/video/7464251388713782536,Boring.ğŸ˜ˆ #gangster #rebel #baddie,905800.0,4073.0,73300.0,107200.0,Embrace your inner rebel with gangster outfits and stay safe while riding bikes. Check out the trend! #gangster #rebel #baddie,Bella Tesla,1-26,valmxcu,00:03 / 00:07,2025-01-26,7,"['#rebel', '#baddie', '#gangster']",Foreign
135,https://www.tiktok.com/@nilofer_reshma/video/7458990408849231120,Heavy rainfall continues to Day 3 in SingaporeğŸ‡¸ğŸ‡¬! Never experienced soo much coldğŸ¥¶! #singapore #singaporeğŸ‡¸ğŸ‡¬ #heavyrain #singaporerain #travelsingapore #cold #coldğŸ¥¶ #coldweather #singaporean,21700.0,999.0,1726.0,4631.0,"Experience the ongoing heavy rainfall in Singapore, day 3 of unusual cold. Discover more about the weather updates! #singapore #heavyrain #coldweather",Nilofer,1-12,nilofer_reshma,00:02 / 00:10,2025-01-12,10,"['#travelsingapore', '#singaporerain', '#heavyrain', '#cold', '#singapore', '#singaporean', '#coldweather']",Shows
136,https://www.tiktok.com/@quanzhentaoist/video/7475943664649309458,Bruh like wtf scaryâ€¦ #sgtiktok #taoism #ghost #possession #supernatural #school,20700.0,372.0,2262.0,10100.0,Explore the eerie details of the mass possession case at ITE West. Discover what really happened and get insights from students. #sgtiktok #taoism #ghost #possession #supernatural,QZ Taoism,4d ago ,quanzhentaoist,00:03 / 01:02,2025-03-04,62,"['#school', '#ghost', '#possession', '#sgtiktok', '#supernatural', '#taoism']",Horror
137,https://www.tiktok.com/@anniecuebed/video/7466258035929877765,,11100000.0,77400.0,687600.0,3500000.0,,Annie,2-1,anniecuebed,00:06 / 00:06,2025-02-01,6,[],Others
138,https://www.tiktok.com/@tak0wasabi/video/7451425722259852551,"ğŸhair be commuting by MRT, catching the last show in 2024. p.s. hair was tied down right before the concert ğŸ™‚â€â†•ï¸ #2NE1 #imthebest #pineapplehair #singapore #fyp #iykyk #concertoutfit",71700.0,107.0,2160.0,4118.0,Discover unique concert outfit ideas featuring pineapple hair for 2NE1 fans in Singapore. Get ready to stand out! #2NE1 #imthebest #pineapplehair,G1,2024-12-23,tak0wasabi,00:03 / 00:09,2024-12-23,9,"['#fyp', '#2NE1', '#concertoutfit', '#singapore', '#pineapplehair', '#iykyk', '#imthebest']",Shows
139,https://www.tiktok.com/@maybekailo/video/7444143521331694856,dc: @thechromeqt pls get the reference #tiktoksg #cheehoo #polynesian,58000.0,151.0,2714.0,11300.0,Explore the vibrant flavors of Singaporean cuisine and indulge in Polynesian delights. Discover mouthwatering dishes! #tiktoksg #cheehoo #polynesian,â€kailo,2024-12-3,maybekailo,00:02 / 00:06,2024-12-3,6,"['#tiktoksg', '#polynesian', '#cheehoo']",Shows
140,https://www.tiktok.com/@.cocolush_/video/7457373513171717394,Birdie from Yishun to canberra short tripğŸ˜†,152200.0,2141.0,10900.0,35100.0,Explore a delightful bird watching journey from Yishun to Canberra with charming travel insights and tunes. Join the adventure! #tiktoktravel #birds,dhii,1-8,.cocolush_,00:03 / 00:13,2025-01-08,13,"['#tiktoktravel', '#birds']",Foreign
141,https://www.tiktok.com/@nickaufmann/video/7445723448812277000,Spent my birthday with my loved ones doing sports â¤ï¸,2500000.0,3570.0,167200.0,90600.0,Join us as we celebrate my birthday with exciting sports and cherished moments with loved ones. Experience the joy and fun! #birthday #birthdayactivities,Nic Kaufmann,2024-12-8,nickaufmann,00:02 / 00:06,2024-12-8,6,"['#birthdayactivities', '#birthday']",Sports
142,https://www.tiktok.com/@viviannnfoo/video/7464987670070971655,å°èµŒç¥is back for the 3rd year  #multiracial #multiracialcouples #mixedrace #mixedracecouple #chindian #chindiancouple #multiracialtiktok,38000.0,171.0,813.0,4248.0,Explore the beautiful journey of a Chindian couple as they celebrate their third year together during Chinese New Year 2025! #multiracial #mixedracecouple #chindian,Vivian Foo,1-28,viviannnfoo,00:03 / 00:06,2025-01-28,6,"['#multiracialtiktok', '#multiracialcouples', '#chindian', '#mixedracecouple', '#multiracial', '#chindiancouple', '#mixedrace']",Shows
143,https://www.tiktok.com/@bleacherreport/video/7470037486866107679,This duo is going to be special ğŸ™Œ #nba #basketball #lebron #lukadoncic #lakers,3300000.0,5995.0,134600.0,111900.0,Watch Luka Doncic's thrilling first moments with LeBron James on the Lakers! Don't miss this epic basketball matchup! #nba #basketball #lakers,bleacherreport,2-11,bleacherreport,00:04 / 00:08,2025-02-11,8,"['#lebron', '#nba', '#lukadoncic', '#lakers', '#basketball']",Sports
144,https://www.tiktok.com/@barstoolsports/video/7456528038583471402,So much for the picture ğŸ’€ @itgirl (via:@aylinannaka @Aylin ğŸ°),1400000.0,16900.0,45400.0,152300.0,"Discover the ultimate party food rankings, from dining hall favorites to fun cookout options. Join in on the tasty adventure! #FoodEatsFirst #FoodCompetition",Barstool Sports,1-6,barstoolsports,00:03 / 00:06,2025-01-06,6,"['#FoodEatsFirst', '#FoodCompetition']",Foreign
145,https://www.tiktok.com/@noushitty/video/7458687009238846727,I love 118 #temasekpoly #sg,19400.0,72.0,652.0,1454.0,"Join me on a journey featuring the 118 bus service in Temasek Polytechnic, showcasing unique characters and moments on a colorful ride. #temasekpoly #sg",beegboobers,1-11,noushitty,00:02 / 00:06,2025-01-11,6,"['#sg', '#temasekpoly']",Foreign
146,https://www.tiktok.com/@espn/video/7451765772986240299,ğŸ¤£ğŸ¤£ğŸ¤£ (via @carlotacouso) #bf #fun #school,2300000.0,4133.0,79900.0,10000.0,Descubre cÃ³mo un chico divertido devuelve un balÃ³n a la escuela. Risas garantizadas y momentos graciosos. #bf #fun #school,ESPN,2024-12-24,espn,00:04 / 00:28,2024-12-24,28,"['#school', '#bf', '#fun']",Education
147,https://www.tiktok.com/@high.center.of.gravity/video/7470546460577238303,Hearing it out loud didnâ€™t help me either. #babyregistry #blanket #confused,908000.0,1749.0,24300.0,8578.0,"Explore the significance of Muslim blankets in baby registries, their comfort, and why they matter for new parents. #babyregistry #blanket #confused",Justin,2-12,high.center.of.gravity,00:03 / 00:05,2025-02-12,5,"['#blanket', '#babyregistry', '#confused']",Foreign
148,https://www.tiktok.com/@itssaltinaa/video/7461336768919407902,IN HONOR OF THE LAST DAY ON TIKTOKğŸ˜­ğŸ˜­ğŸ˜­ğŸ˜­ #draft #tiktokban #fyp,7400000.0,12500.0,365900.0,1200000.0,Join us in bidding farewell to TikTok with a heartwarming tribute and memories to cherish forever. Discover the magic of the platform before it fades away. #draft #tiktokban #fyp,Altina:),1-19,itssaltinaa,00:02 / 00:05,2025-01-19,5,"['#tiktokban', '#fyp', '#draft']",Foreign
149,https://www.tiktok.com/@thehypehouse/video/7461297586738154798,Goodbye TikTok ğŸ«¡,8199999.999999999,25100.0,422300.0,490300.0,,The Hype House,1-19,thehypehouse,00:09 / 00:12,2025-01-19,12,[],Foreign
150,https://www.tiktok.com/@mothershipsg/video/7450754771331370260,Commenters on the video questioned why was there a need to attack a public transport facility,39800.0,3149.0,3329.0,19700.0,,Mothership,2024-12-21,mothershipsg,00:03 / 01:05,2024-12-21,65,[],Shows
151,https://www.tiktok.com/@chloebaradinsky/video/7465487200340380974,Happy CNY!!! I made me fam celebrate with me last night,1100000.0,1949.0,14300.0,10400.0,Join us as we celebrate Lunar New Year with family traditions and heartfelt moments. Discover our unique story and joy! #happychinesenewyear #LunarNewYear,Chloe,1-30,chloebaradinsky,00:02 / 00:10,2025-01-30,10,"['#LunarNewYear', '#happychinesenewyear']",Family
152,https://www.tiktok.com/@umeharakeiji/video/7475591818952920327,THANK YOU @razer FOR LETTING ME MEET THE GOAT OF ESPORTS!  #Faker #Razer #RazerXFaker,344600.0,809.0,14900.0,17600.0,"Discover the unforgettable experience of meeting Faker, the GOAT of esports, and explore his journey in League of Legends. #Faker #Razer #RazerXFaker",Umeandhara,5d ago ,umeharakeiji,00:03 / 00:16,2025-03-03,16,"['#Razer', '#RazerXFaker', '#Faker']",Sports
153,https://www.tiktok.com/@dewychoo/video/7470389141037993224,,20200.0,107.0,850.0,2945.0,Experience the delightful scent of chouchou as you share fun moments with friends. Join us for laughs and sweet smells! #Chouchou #Friends #DewyChooDance,Dewy Choo,2-12,dewychoo,00:02 / 00:12,2025-02-12,12,"['#Chouchou', '#DewyChooDance', '#Friends']",Others
154,https://www.tiktok.com/@heythomask/video/7455697376871828754,"chill bro, talk local a bit.  #puns #dadjoke",26200.0,102.0,1043.0,7215.0,Explore hilarious dad jokes and puns you can share with friends for a great time. Perfect for a light-hearted conversation. #puns #dadjoke,the real Thomas K.,1-3,heythomask,00:03 / 00:09,2025-01-03,9,"['#dadjoke', '#puns']",Comedy
155,https://www.tiktok.com/@mothershipsg/video/7444076794241617160,the labubu craze is everywhere #fyp #labubu #sanfrancisco #airport,68700.0,211.0,2857.0,3878.0,,Mothership,2024-12-3,mothershipsg,00:03 / 00:15,2024-12-3,15,"['#labubu', '#sanfrancisco', '#airport', '#fyp']",Foreign
156,https://www.tiktok.com/@withclarise_/video/7464971459228683527,2025 happy chinese new year! #2025newyear #cny #fitcheck #family #cousins,64000.0,294.0,2544.0,2035.0,Celebrate Chinese New Year 2025 with stylish outfits and family moments! Discover fashionable looks for this festive season. #2025newyear #cny #fitcheck #family #cousins,With Clarise_,1-28,withclarise_,00:02 / 00:15,2025-01-28,15,"['#cny', '#family', '#fitcheck', '#2025newyear', '#cousins']",Family
157,https://www.tiktok.com/@lielnicole/video/7470139774414884114,Hey itâ€™s a chill wedding!,50600.0,141.0,1009.0,1606.0,Join us for a fun wedding prep as we tackle makeup on a budget! Expect laughter and unexpected moments. #WeddingMakeup #ChillWedding #WeddingStories,lielnicole,2-11,lielnicole,00:02 / 01:05,2025-02-11,65,"['#WeddingStories', '#WeddingMakeup', '#ChillWedding']",Entertainment
158,https://www.tiktok.com/@massbros.sg/video/7462402300632386834,Singapore! Confirmed Lyrics! @Sean Paul #sgversion,27600.0,249.0,1915.0,8791.0,Discover the confirmed lyrics of Sean Paul's hit 'Temperature' in the Singapore version! Get ready to dance! #sgversion,massbros.sg,1-22,massbros.sg,00:03 / 00:08,2025-01-22,8,['#sgversion'],Music
159,https://www.tiktok.com/@wearerisenshine/video/7460449870327975186,We have Casiline with us talking about inks in this episode! Stay tuned tomorrow evening for the drop! @Simonboy @DivineTattooStudio  @Lukeychan6 @Noah Yap,29100.0,120.0,1753.0,2743.0,Join us as Casiline discusses various tattoo inks and techniques! Discover insights into tattoo artistry. #simonboytattoo #tattootok #realismtattoo,Rise â€˜n Shine,1-16,wearerisenshine,00:02 / 00:59,2025-01-16,59,"['#tattootok', '#simonboytattoo', '#realismtattoo']",Foreign
160,https://www.tiktok.com/@itsgh0st2525/video/7465771472053603591,floorball is a practical sport,29300.0,111.0,843.0,6751.0,Explore the world of floorball and learn about its practicality and fitness benefits. Watch as Opera Estate Primary School demonstrates proper floorball techniques and discover how to hold a floorball stick. #floorball #sport #SportClips #curling,yx ğŸ˜º,1-31,itsgh0st2525,00:03 / 00:07,2025-01-31,7,"['#SportClips', '#sport', '#curling', '#floorball']",Sports
161,https://www.tiktok.com/@haleyybaylee/video/7473617974478540078,@Kit Price prom with my love â¤ï¸,5400000.0,9926.0,143200.0,40200.0,"Experience the highlights of prom night with Haley Kalil and Kit Price, featuring stunning dresses and beautiful moments together! #prom #haleykalil #kitprice",haleyybaylee,2-21,haleyybaylee,00:04 / 00:10,2025-02-21,10,"['#kitprice', '#prom', '#haleykalil']",Family
162,https://www.tiktok.com/@singaporebuses/video/7465322840510696711,"Yâ€™all be strolling even the timers up, learn from this chicken! #singapore #fyp",47200.0,2062.0,3570.0,15900.0,Discover how Singapore chickens cross the road with urgency! Learn from these witty creatures and their fun antics. #singapore #singaporetiktok #singaporeplacestogo,SingaporeBuses,1-29,singaporebuses,00:02 / 00:16,2025-01-29,16,"['#singaporeplacestogo', '#singaporetiktok', '#fyp', '#singapore']",Foreign
163,https://www.tiktok.com/@asrulcute/video/7476348501912341767,"Iâ€™m not easily scared, Iâ€™m just easily shocked ğŸ˜… @TAEYANG  #asrulcute #fyp #viral #contentcreator #personalbranding #taeyangbigbang #eyesnoselipstaeyang #beconsistent #wifeprankshusband",11100.0,104.0,290.0,3219.0,,Asrulcute,3d ago ,asrulcute,00:07 / 00:07,2025-03-05,7,"['#viral', '#fyp', '#taeyangbigbang', '#wifeprankshusband', '#beconsistent', '#personalbranding', '#asrulcute', '#eyesnoselipstaeyang', '#contentcreator']",Shows
164,https://www.tiktok.com/@ain.laaaaaa/video/7474120134618041618,Added sconces & outdoor mat!  #hdbjumbo #hdb #dualkey,32100.0,116.0,3121.0,3508.0,Explore a jumbo flat in Singapore with added sconces and outdoor mat for a cozy atmosphere. Take a house tour of this HDB dual key unit. #hdbjumbo #hdb #dualkey,AinLaaaaa,2-22,ain.laaaaaa,00:02 / 00:13,2025-02-22,13,"['#dualkey', '#hdb', '#hdbjumbo']",Comedy
165,https://www.tiktok.com/@ycn_videographer/video/7466393738982558994,ì—¬ëŸ¬ë¶„ì€ ê²°ë§ì„ ì˜ˆìƒí•˜ì…¨ë‚˜ìš”?  ğŸ ì•¼ê°„ë²„ìŠ¤ (NIGHT BUS) - Part 1 BGM : Squid Game OST - Pink Soldiers #horror #ê³µí¬ #creepy,1200000.0,6326.0,95400.0,89100.0,ì•¼ê°„ë²„ìŠ¤ì˜ ì²« ë²ˆì§¸ íŒŒíŠ¸ì—ì„œ ì˜ˆìƒì¹˜ ëª»í•œ ê³µí¬ë¥¼ ê²½í—˜í•˜ì„¸ìš”. ë”°ë¼ì˜¤ëŠ” ì´ë“¤ì€ ëˆ„êµ¬ì¸ê°€? #horror #ê³µí¬ #creepy,ì˜ì°ë‚¨ / YCNğŸ‡°ğŸ‡·,2-1,ycn_videographer,00:03 / 01:00,2025-02-01,60,"['#horror', '#ê³µí¬', '#creepy']",Horror
166,https://www.tiktok.com/@j.j_v0/video/7476068025863703816,that was as far as my legs could goğŸ˜­ğŸ™ #whyej #jctok,53600.0,294.0,2700.0,8598.0,Explore the importance of eye-level communication in conversations. Discover insights and tips for effective dialogue! #whyej #jctok,j.j_v0,4d ago ,j.j_v0,00:02 / 00:07,2025-03-04,7,"['#whyej', '#jctok']",Comedy
167,https://www.tiktok.com/@aviontok/video/7467542687093230866,How did he fall for that ğŸ˜­  @blxckoncam @Dyl #fyp #funny #viral #prank #trolling #jokes #foryoupage,2400000.0,1294.0,86300.0,138900.0,,Aviontok,2-4,aviontok,00:08 / 00:32,2025-02-04,32,"['#viral', '#funny', '#fyp', '#trolling', '#foryoupage', '#jokes', '#prank']",Comedy
168,https://www.tiktok.com/@stacymerollinnn/video/7455714491444104456,Fgâ€™s luck so cooked even the beach isnâ€™t a safe place for us @nnikeshhh @hakimr_69 @Watermelon ğŸ‡µğŸ‡¸ #sgtiktok #beachday #sentosa #fyp #fypã‚· #foryoupage #stonefish #06 #silosobeach,20500.0,98.0,596.0,2622.0,Discover tips to stay safe from stonefish stings at Sentosa Beach. Enjoy your beach day without worries! #sgtiktok #beachday #sentosa,stacymerollinnn,1-3,stacymerollinnn,00:03 / 00:12,2025-01-03,12,"['#06', '#fyp', '#foryoupage', '#silosobeach', '#sgtiktok', '#fypã‚·', '#beachday', '#sentosa', '#stonefish']",Foreign
169,https://www.tiktok.com/@synnthia/video/7459372111325302034,Making a quick trip to konbini in drifit shirt at negative degree!,24000.0,140.0,883.0,6487.0,Join me on a chilly adventure to a konbini in Japan wearing a Dri-Fit shirt! Discover unique snacks and experiences. #konbini #Japan #DriFitShirt,Sinthier,1-13,synnthia,00:02 / 00:09,2025-01-13,9,"['#konbini', '#DriFitShirt', '#Japan']",Foreign
170,https://www.tiktok.com/@shueeewenn/video/7472570413613092114,Wait till itâ€™s peak hour,169700.0,775.0,4704.0,21200.0,,samsam ğ“² à¹‹à£­ à£ª Ë–ğŸ,2-18,shueeewenn,00:07 / 00:09,2025-02-18,9,[],Entertainment
171,https://www.tiktok.com/@wahbananasg/video/7456737965759302930,Itâ€™s giving Hai Di Lao noodle danceğŸœğŸ² #wahbananamini,1000000.0,3191.0,52600.0,23700.0,Watch the hilarious blanket knot challenge and towel challenge solution in action! Learn how to untangle two towels and have a laugh with this fun game. #wahbananamini,WahBanana,1-6,wahbananasg,00:02 / 01:30,2025-01-06,90,['#wahbananamini'],Foreign
172,https://www.tiktok.com/@ryankwak_/video/7465662735800388882,2019 vs 2025 ğŸ,280000.0,278.0,6407.0,3448.0,,Ryan Kwak,1-30,ryankwak_,00:08 / 00:13,2025-01-30,13,[],Foreign
173,https://www.tiktok.com/@fahhaha_/video/7464928142663093512,Happy CNY Eve! Will you allow me to visit you?ğŸŠğŸŠğŸŠğŸ’°à¸•à¸£à¸¸à¸©à¸ˆà¸µà¸™à¸™à¸µà¹‰à¹„à¸›à¹€à¸„à¸²à¸°à¸›à¸£à¸°à¸•à¸¹à¸šà¹‰à¸²à¸™à¹ƒà¸„à¸£à¹„à¸”à¹‰à¸šà¹‰à¸²à¸‡à¸™à¹‰à¸²à¸²â€¦à¸‚à¸­à¸­à¸±à¹ˆà¸‡à¹€à¸›à¸²à¸«à¸™à¹ˆà¸­à¸¢ğŸ§§ğŸ’ŒğŸ«¶ğŸ¼ #Meitu #ChineseNewyear #LunarNewyear #CNY #pov #trending #funnyvideos #funnyvideo #funnytiktok #tiktoktainment #tiktokchallenge #singapore #tiktokviral #tiktoksg #tiktoksgğŸ‡¸ğŸ‡¬ #tiktoksingapore #SGtiktok #fahhaha_ #à¸„à¸¥à¸´à¸›à¸•à¸¥à¸ #à¸„à¸¥à¸´à¸›à¸•à¸¥à¸à¸®à¸²à¹† #à¸®à¸² #à¸®à¸²à¹† #à¹à¸à¸¥à¹‰à¸‡à¹€à¸à¸·à¹ˆà¸­à¸™ #à¹à¸à¸¥à¹‰à¸‡ #à¹€à¸—à¸£à¸™à¸”à¹Œà¸§à¸±à¸™à¸™à¸µà¹‰ #à¹€à¸—à¸µà¹ˆà¸¢à¸§à¸ªà¸´à¸‡à¸„à¹‚à¸›à¸£à¹Œ #à¸Ÿà¹‰à¸²à¸Ÿà¹‰à¸² #à¸”à¸µà¹€à¸ˆà¹‚à¸‹à¸”à¸²à¹€à¸¡à¸·à¸­à¸‡à¹„à¸—à¸¢ #tiktokà¸„à¸™à¸šà¸±à¸™à¹€à¸—à¸´à¸‡,15500.0,386.0,1040.0,5851.0,à¸£à¹ˆà¸§à¸¡à¸ªà¸™à¸¸à¸à¹ƒà¸™à¸§à¸±à¸™à¸•à¸£à¸¸à¸©à¸ˆà¸µà¸™à¸™à¸µà¹‰à¸à¸±à¸šà¸„à¸¥à¸´à¸›à¸•à¸¥à¸à¹à¸¥à¸°à¸à¸´à¸ˆà¸à¸£à¸£à¸¡à¸•à¹ˆà¸²à¸‡à¹†! à¸­à¸¢à¹ˆà¸²à¸¥à¸·à¸¡à¸•à¸´à¸”à¸•à¸²à¸¡! #Meitu #ChineseNewyear #funnyvideos,Fahhaha_,1-28,fahhaha_,00:02 / 00:27,2025-01-28,27,"['#fahhaha_', '#à¸®à¸²', '#à¹€à¸—', '#tiktoksingapore', '#à¹€à¸—à¸£à¸™à¸”', '#LunarNewyear', '#tiktokviral', '#singapore', '#CNY', '#à¹à¸à¸¥', '#à¸”', '#à¸„à¸¥', '#tiktokchallenge', '#funnyvideo', '#pov', '#à¸®à¸²à¹†', '#funnytiktok', '#tiktoksg', '#à¸Ÿ', '#tiktoktainment', '#tiktokà¸„à¸™à¸š', '#ChineseNewyear', '#funnyvideos', '#Meitu', '#SGtiktok', '#trending']",Entertainment
174,https://www.tiktok.com/@dyceandce/video/7461853268235324679,#fyp #foryou #foryoupage #foryoupageofficiall #funny #funnyvideos #couple #couplecomedy #couplestiktok #viral #viralvideo #viraltiktok #sg #sgtiktok,1300000.0,4366.0,70900.0,135300.0,Enjoy hilarious moments from a hibachi restaurant featuring a funny couple. Perfect for laughter lovers! #couplecomedy #funnyvideos #sgtiktok,dyce & ce,1-20,dyceandce,00:02 / 00:09,2025-01-20,9,"['#viraltiktok', '#couplestiktok', '#funny', '#fyp', '#foryou', '#viral', '#foryoupage', '#viralvideo', '#sg', '#foryoupageofficiall', '#couple', '#couplecomedy', '#sgtiktok', '#funnyvideos']",Foreign
175,https://www.tiktok.com/@vrayng/video/7461239792785755410,found two squid game cosplayers,68000.0,186.0,2529.0,24100.0,Discover amazing Squid Game cosplay ideas and see talented fans showcasing their costumes in public! #SquidGame #Cosplay #Costumes,ğŸŒvera,1-18,vrayng,00:02 / 00:10,2025-01-18,10,"['#Cosplay', '#SquidGame', '#Costumes']",Sci-Fi/Fantasy
176,https://www.tiktok.com/@tequilawiney/video/7461947352098622728,iâ€™m not joking when i say we send secondary school children to cambodia to â€œbuild furnitureâ€ for kids but really if we wanted to help them we would just give them money. what do 14 year olds know about building furniture that can lastâ€¦,48800.0,299.0,1793.0,1087.0,Discover the complexities of educational trips to Cambodia and the role of leadership in the region with insights on Singapore. #SoutheastAsia #Education #Cambodia,frankie,1-20,tequilawiney,00:02 / 00:12,2025-01-20,12,"['#Education', '#SoutheastAsia', '#Cambodia']",Foreign
177,https://www.tiktok.com/@parisbaguteh/video/7460013018206719239,#aura #math #jctok,33600.0,151.0,1554.0,4742.0,Explore how aura loss manifests in classroom dynamics and what it means for students. Join us for insightful moments and math lessons! #aura #math #jctok,parisbaguteh,1-15,parisbaguteh,00:02 / 00:18,2025-01-15,18,"['#jctok', '#math', '#aura']",Science & Technology
178,https://www.tiktok.com/@lifeofcharissae/video/7470173411667365162,ğŸ˜‚ I love my nose accommodating cup  #thailand #thai #thaiculture #travel #livinginthailand #movingtothailand #livingabroad,4400000.0,8763.0,160200.0,120100.0,,Charissa Enget,2-11,lifeofcharissae,00:09 / 00:21,2025-02-11,21,"['#travel', '#thailand', '#livingabroad', '#thai', '#movingtothailand', '#thaiculture', '#livinginthailand']",Foreign
179,https://www.tiktok.com/@mothershipsg/video/7460088613477305608,"Pete Hegseth, a former Fox News host and Army National Guard officer nominated by Donald Trump as the US defence secretary, was grilled on his qualifications during his senate confirmation hearing on Jan. 14. Democratic senator Tammy Duckworth asked him to list 3 Asean countries, to which he brought up South Korea, Japan, and Australia. #news #fyp",66200.0,3023.0,3955.0,5875.0,,Mothership,1-15,mothershipsg,00:04 / 00:37,2025-01-15,37,"['#news', '#fyp']",Foreign
180,https://www.tiktok.com/@asher.hf/video/7465220095099374865,Biggest snake of the year next to me ğŸ˜…ğŸ˜…ğŸ˜…ğŸ˜…#snake,468800.0,1166.0,25900.0,31300.0,Join me as I come face-to-face with the largest snake of the year! Discover all about these fascinating creatures. #snake #GiantSnakes,dookie,1-29,asher.hf,00:03 / 00:12,2025-01-29,12,"['#snake', '#GiantSnakes']",Comedy
181,https://www.tiktok.com/@sherrinandyixi/video/7456305612687740178,âš ï¸: dont bring your gf to olive young ğŸ’€,118500.0,254.0,4321.0,3500.0,,sherrin and yixi,1-5,sherrinandyixi,00:07 / 00:13,2025-01-05,13,[],Foreign
182,https://www.tiktok.com/@dailymail/video/7473539595070606638,"Robotics company Clone has woken up their Protoclone, which according to the company is 'the world's first bipedal, musculoskeletal android '. The synthetic human-robot makes use of Cloneâ€™s Myofiber technology and uses artificial muscles to move the skeleton by attaching fake bones, joints, and tendons allowing it to walk on two legs. Read more onDailyMail ğŸ¥X/CloneRobotics  #robot #elonmusk #clone #tech #scary #news",2800000.0,77000.0,210600.0,648600.0,"Explore the groundbreaking Myofiber technology used by Clone to bring their Protoclone to life - a synthetic human-robot with artificial muscles that mimic the human body, enabling bipedal movement. Discover more on DailyMail! ğŸ¥X/CloneRobotics #robot #elonmusk #clone #tech #scary #news",Daily Mail,2-21,dailymail,00:04 / 00:14,2025-02-21,14,"['#robot', '#clone', '#elonmusk', '#news', '#scary', '#tech']",Horror
183,https://www.tiktok.com/@beeleeong/video/7443800086024441095,â˜ ï¸â˜ ï¸ whatâ€™s work life balance? #funeral #foryou #hr #corporatelife,28900.0,221.0,1254.0,8271.0,Explore what work-life balance means in corporate culture and how it impacts your life. Discover insights and strategies for improvement. #funeral #hr #corporatelife,Bee Lee Ong,2024-12-2,beeleeong,00:02 / 00:10,2024-12-2,10,"['#hr', '#corporatelife', '#funeral', '#foryou']",Foreign
184,https://www.tiktok.com/@huanandnikki/video/7456292008827669776,Never. again.  #couple #fyp #relationships #relatable #relationshiptiktok #funny #skit,1600000.0,7491.0,61200.0,30000.0,"Discover the hilarious consequences of letting your boyfriend play with makeup, featuring Tamburins Jennie Edition lip balm! #couple #relationships #relationshiptiktok",huan & nikki ğŸ’•ğŸ’–âœˆï¸,1-5,huanandnikki,00:03 / 00:11,2025-01-05,11,"['#funny', '#fyp', '#couple', '#skit', '#relatable', '#relationshiptiktok', '#relationships']",Comedy
185,https://www.tiktok.com/@1ovemei/video/7465105237787888902,FOLLOW ME FOR MORE GYM TIPS ğŸ‘ğŸ» cherry on top to the fuck ass angle and fuck ass form ğŸ˜­ğŸ˜­ he was super nice abt it tho #GymTok #caloriedeficit #fyp #gymgirl #gym #gymfail,3300000.0,8423.0,117100.0,847200.0,Watch this hilarious gym moment featuring donkey kickbacks and relatable gym fails! Join the fun with us! #GymTok #caloriedeficit #gymfail,TRIÆ§HA MEI,1-29,1ovemei,00:02 / 00:10,2025-01-29,10,"['#fyp', '#GymTok', '#caloriedeficit', '#gymfail', '#gym', '#gymgirl']",Drama
186,https://www.tiktok.com/@claricexylee/video/7462323807185865992,used to be a longchamp girlie but my shoulder aches are saying no ğŸ¥¹  this is literally the only backpack i have since my early schooling days becos girl doesnâ€™t use a backpack ğŸ¥¸ #unibag #unibagideas #sguni #unitiktok #unitok #universitylife #tiktoksg,446000.0,1941.0,33700.0,3830.0,Discover stylish and functional backpacks perfect for university life. Find the ideal bag for your needs today! #unibag #unibagideas #sguni #unitiktok #unitok #universitylife #tiktoksg,clalalala âœ¿,1-21,claricexylee,00:03 / 00:05,2025-01-21,5,"['#universitylife', '#tiktoksg', '#unitok', '#unibag', '#sguni', '#unitiktok', '#unibagideas']",Education
187,https://www.tiktok.com/@applepiofmyeye/video/7443666636873239825,was it that deep ğŸ˜­ idk how we woke at 6 every morning but #discipline rahhh ğŸ”¥ğŸ”¥ğŸ”¥ğŸ”¥ (i missed 10/12 of my 8am math lectures in uni),16800.0,413.0,693.0,2135.0,Explore the challenges of waking up early for university. Discover the highs and lows of morning routines and missed classes. #discipline #motivation #uni,joey ğŸ›´,2024-12-2,applepiofmyeye,00:03 / 00:08,2024-12-2,8,"['#discipline', '#motivation', '#uni']",Education
188,https://www.tiktok.com/@itsthemm3/video/7466068197662412040,they always take forever ğŸ˜  #sibling #funnyvideos #fypã‚· #fypdongggggggg #siblingscheck #sisters #brother #xyzabc #siblinggoals #sisterbrother #fyppppppppppppppppppppppp,818300.0,1760.0,23500.0,33900.0,Discover the humorous side of having two sisters and the relatable struggles that come with it. Join our sibling antics now! #sibling #funnyvideos #siblingscheck,just the three of us,1-31,itsthemm3,00:02 / 00:07,2025-01-31,7,"['#siblingscheck', '#sibling', '#siblinggoals', '#sisters', '#fyppppppppppppppppppppppp', '#xyzabc', '#brother', '#fypã‚·', '#sisterbrother', '#funnyvideos', '#fypdongggggggg']",Family
189,https://www.tiktok.com/@singaporepoliceforce/video/7476414004617825544,"They not like us, say no to shop theft! ğŸ”¥ #singaporepoliceforce #safeguardingeveryday  #kendricklamar #SuperBowl #superbowlhalftimeshow #theynotlikeus #notlikeus #fyp #trending",201200.0,1374.0,10100.0,39200.0,,Singapore Police Force,3d ago ,singaporepoliceforce,00:07 / 00:22,2025-03-05,22,"['#safeguardingeveryday', '#superbowlhalftimeshow', '#fyp', '#kendricklamar', '#notlikeus', '#singaporepoliceforce', '#trending', '#SuperBowl', '#theynotlikeus']",Foreign
190,https://www.tiktok.com/@shengsiongofficial/video/7447747939356790024,"ğŸ‰ æ˜‡è˜é›†å›¢æ­£å¼å…¥é©»TikTokå•¦ï¼ ğŸ‰ æˆ‘ä»¬è‡´åŠ›äºä¸ºä½ æä¾›é«˜å“è´¨çš„æœåŠ¡å’Œåˆ†äº«æ€§ä»·æ¯”é«˜çš„äº§å“ï¼Œè®©æ¯ä¸€æ¬¡è´­ç‰©éƒ½æˆä¸ºä¸€æ¬¡æ„‰å¿«çš„ä½“éªŒï¼æˆ‘ä»¬å°†ä¸æ–­æ›´æ–°æœ€æ–°èµ„è®¯ï¼Œä¸ºå¤§å®¶å¸¦æ¥æ›´å¤šæ–°äº§å“å’Œè¶…å€¼ä¼˜æƒ ã€‚ğŸ’¡ åœ¨è¿™é‡Œï¼Œæˆ‘ä»¬å¸Œæœ›èƒ½ä¸æ‚¨ä¸€èµ·æ¢ç´¢æ›´å¤šæœ‰è¶£çš„å†…å®¹å’Œæ–°å“ï¼Œä¸è¦é”™è¿‡å“¦ï¼ğŸ ğŸ”” è®°å¾—ç•™æ„æˆ‘ä»¬ï¼Œéšæ—¶æŒæ¡æœ€æ–°åŠ¨æ€å’Œä¸“å±ä¼˜æƒ ï¼ ğŸ‰ Shengsiong Group is officially on TikTokï¼ğŸ‰ We are dedicated to providing you with high-quality services and sharing valuable products, making every shopping experience a pleasant one! We will continuously update the latest news, bringing you more new products and great deals. ğŸ’¡ Here, we hope to explore more exciting content and new products with youâ€”donâ€™t miss out! ğŸ ğŸ”” Be sure to keep an eye on us to stay up to date with the latest updates and exclusive offers! #Shengsiong #singapore #supermarket #shengsiongsupermarket",15000.0,782.0,1252.0,4098.0,åŠ å…¥æ˜‡è˜é›†å›¢ï¼Œä¸€èµ·äº«å—é«˜å“è´¨æœåŠ¡å’Œè¶…å€¼äº§å“ï¼æœ€æ–°èµ„è®¯ä¸ä¼˜æƒ ç­‰ä½ å…³æ³¨ï¼#Shengsiong #singapore #supermarket #shengsiongsupermarket,Sheng Siong Official,2024-12-13,shengsiongofficial,00:03 / 00:20,2024-12-13,20,"['#Shengsiong', '#supermarket', '#shengsiongsupermarket', '#singapore']",Foreign
191,https://www.tiktok.com/@nelsonnoob/video/7467175682510982418,Singaporeanâ€™s biggest regret,16400.0,253.0,904.0,2135.0,Discover insights on Singaporean regrets surrounding education. Learn from others' experiences and navigate your own path! #BiggestRegret #SingaporeEducation,nelsonnoob,2-3,nelsonnoob,00:02 / 00:22,2025-02-03,22,"['#SingaporeEducation', '#BiggestRegret']",Shows
192,https://www.tiktok.com/@loulijia/video/7451342419729059090,and then they start speaking to me in their local languages and i look like a complete idiot ğŸ˜­ #ethnicallyambiguous,1800000.0,6145.0,76100.0,32300.0,Explore the experience of looking ethnically ambiguous while traveling. Discover how cultures perceive you as local in various countries! #ethnicallyambiguous,Lilly,2024-12-23,loulijia,00:03 / 00:21,2024-12-23,21,['#ethnicallyambiguous'],Horror
193,https://www.tiktok.com/@emorycarver/video/7475440803293220142,School Binder Clogger is on the loose (FAKE POOP) #school #bathroom #clogged #fail #cancelled,3100000.0,29100.0,223200.0,440800.0,Discover the funny story of the School Binder Clogger and the chaos it caused! Find out what happened next! #school #bathroom #clogged #fail #cancelled,Emory Carver,6d ago ,emorycarver,00:04 / 00:06,2025-03-02,6,"['#bathroom', '#school', '#cancelled', '#fail', '#clogged']",Comedy
194,https://www.tiktok.com/@wontontheppcat/video/7460702242736229663,What words does your cat recognize? ğŸ‘€ğŸˆ #catsoftiktok #funnycat #catlover,913500.0,1460.0,61900.0,70100.0,Discover which words your cat understands and how they respond! Engage with these funny cat moments. #catsoftiktok #funnycat #catlover,Wonton,1-17,wontontheppcat,00:04 / 00:10,2025-01-17,10,"['#catsoftiktok', '#funnycat', '#catlover']",Entertainment
195,https://www.tiktok.com/@miki.faerie/video/7463912171391569158,I rmbr when this was being built in July and I was like ğŸ˜Ÿ (also the ice capp is like $7 instead of $2 LOL)  #timhortonssg #singapore #canadian,32800.0,175.0,1192.0,1370.0,"Discover my biggest culture shock as a Canadian in Singapore with the fancy Tim Hortons experience. Plus, find out why the ice capp is $7 instead of $2! #timhortonssg #singapore #canadian",miki faerie ğŸ’—,1-26,miki.faerie,00:03 / 00:09,2025-01-26,9,"['#timhortonssg', '#canadian', '#singapore']",Foreign
196,https://www.tiktok.com/@flamingpuddle/video/7452901961055178027,(update posted) what do you even do in this situation #fyp #reputation #trending #fypã‚· #taylorswift #swifttok #1989TaylorsVersion #TSTheErasTour #swiftie #swifties #cruelsummer #erastour #tsmidnights #taylorsversion #viral #funny #ants #reputation,2000000.0,10900.0,80700.0,132000.0,"Discover how I tackled a whole ant colony in my Mac, inspired by Taylor Swift's Reputation era! #taylorswift #cruelsummer #ants",banjo,2024-12-27,flamingpuddle,00:04 / 00:10,2024-12-27,10,"['#viral', '#fyp', '#funny', '#swifties', '#taylorsversion', '#ants', '#reputation', '#tsmidnights', '#taylorswift', '#TSTheErasTour', '#1989TaylorsVersion', '#fypã‚·', '#swifttok', '#cruelsummer', '#trending', '#erastour', '#swiftie']",Foreign
197,https://www.tiktok.com/@alexwarrenism/video/7444712218244959518,They wouldnt let me cuss in it,2700000.0,5964.0,86500.0,27400.0,"Discover Alex Warren's creative twist on Spotify Wrapped, featuring insights and thoughts on popular artists. Don't miss out! #AlexWarren #SpotifyWrapped #Music",alexwarrenism,2024-12-5,alexwarrenism,00:04 / 00:11,2024-12-5,11,"['#SpotifyWrapped', '#AlexWarren', '#Music']",Foreign
198,https://www.tiktok.com/@merayaj/video/7461740952844094763,#jesmeraya #masonmargiela,2700000.0,3900.0,104800.0,23400.0,Discover how to create the unique Maison Margiela cake inspired by the brand's iconic designs. Step-by-step tutorial included! #jesmeraya #masonmargiela,Mean sexc girl,1-20,merayaj,00:02 / 00:05,2025-01-20,5,"['#jesmeraya', '#masonmargiela']",Foreign
199,https://www.tiktok.com/@channelnewsasia/video/7449691663397670160,"As smugglers develop new methods to hide contraband in vehicles, Immigration & Checkpoints Authority (ICA) officers continually refine their detection techniques to intercept prohibited items before they enter Singapore.Â ğŸš— First-time offenders caught smuggling e-cigarettes can face fines of up to S$10,000 or imprisonment for up to 6 months.Â âš ï¸ Those caught smuggling duty-unpaid cigarettes may face up to 6 years in prison, fines of up to 40 times the amount of evaded duty and GST, or both. #cna #cnainsider #woodlandscheckpoint #johor #customs #fypsg",180800.0,1413.0,11700.0,40400.0,,CNA,2024-12-18,channelnewsasia,00:08 / 00:55,2024-12-18,55,"['#cnainsider', '#cna', '#johor', '#customs', '#woodlandscheckpoint', '#fypsg']",Foreign
200,https://www.tiktok.com/@dyceandce/video/7472987175273958663,"book your hair appointment at @HomiE hair & ask for SHAUN @Shaun_homieğŸ‡¸ğŸ‡¬ ! ğŸ’‡â€â™€ï¸ğŸ’‡â€â™‚ï¸ WHEN BOOKING YOUR APPOINTMENT TELL SHAUN ""DYCEANDCE"" FOR 20% OFF ANY SERVICE!! ğŸ¤ğŸ¤ ( for first timers only ) #fyp #fypage #fyppppppppppppppppppppppp #fypp #fypp #foryou #foryoupage #foryoupageofficiall #viral #viralvideo #viraltiktok #funn #funnyvideos #funnymoments #funnytiktok #couple #couplecomedy #couplestiktok #pranks #sg #sgtiktok #CapCut",1200000.0,3154.0,130300.0,44600.0,Schedule your hair appointment with Shaun at HomiE Hair and enjoy 20% off for first timers! Discover a fun hair salon experience. #HairSalon #FunnyVideos #SGTikTok,dyce & ce,2-19,dyceandce,00:02 / 01:00,2025-02-19,60,"['#couplestiktok', '#viral', '#sgtiktok', '#HairSalon', '#funn', '#fypp', '#CapCut', '#foryoupage', '#fypage', '#fyppppppppppppppppppppppp', '#couple', '#couplecomedy', '#viraltiktok', '#FunnyVideos', '#funnytiktok', '#foryoupageofficiall', '#funnyvideos', '#SGTikTok', '#fyp', '#foryou', '#pranks', '#funnymoments', '#viralvideo', '#sg']",Entertainment
201,https://www.tiktok.com/@aceofgenz/video/7453107117046648095,Ryujins English speaking accent is my Roman Empire #itzy #midzy #chaeryeong #chaeryeongitzy #yeji #yejiitzy #ryujin #ryujinitzy #lia #liaitzy #yuna #yunaitzy #kpop #kpopfyp #fyp #aceofgenz,158700.0,241.0,11800.0,5019.0,Discover the fascinating English speaking accent of Ryujin from ITZY and its comparison to the Roman Empire. Explore the diverse accents within the group and their impact on K-pop culture. #ITZY #midzy #kpop,InoğŸ–¤ (final ver.),2024-12-27,aceofgenz,00:04 / 00:24,2024-12-27,24,"['#chaeryeongitzy', '#kpop', '#kpopfyp', '#fyp', '#aceofgenz', '#liaitzy', '#itzy', '#lia', '#yeji', '#yuna', '#chaeryeong', '#ryujinitzy', '#yunaitzy', '#midzy', '#ITZY', '#yejiitzy', '#ryujin']",Classics
202,https://www.tiktok.com/@tanlillian/video/7446673410295418120,#singapore #northshore #punggolcoastmrt,9535.0,445.0,748.0,12800.0,Discover the best shopping at Punggol Coast Mall in Singapore! Experience vibrant retail and dining options. #singapore #northshore #punggolcoastmrt,Tan Lillian,2024-12-10,tanlillian,00:03 / 00:25,2024-12-10,25,"['#punggolcoastmrt', '#northshore', '#singapore']",Foreign
203,https://www.tiktok.com/@jinlusi/video/7464136866242039047,oh I don't even want to think.ğŸ˜­#à¸ˆà¹‰à¸²à¸§à¸¥à¸¹à¹ˆà¸‹à¸·à¸­ #zhaolusi #zhaolusi_èµµéœ²æ€ #fyp #foryou,4000000.0,30700.0,232300.0,110200.0,Explore the latest updates on Zhao Lusi and insights into the Hidden Love drama. Stay informed with all the buzz around this popular actress! #à¸ˆà¹‰à¸²à¸§à¸¥à¸¹à¹ˆà¸‹à¸·à¸­ #zhaolusi #hiddenlove,âœ¨SupportğŸ°Zhaolusiâœ¨,1-26,jinlusi,00:02 / 00:36,2025-01-26,36,"['#fyp', '#foryou', '#hiddenlove', '#zhaolusi_èµµéœ²æ€', '#zhaolusi', '#à¸ˆ']",Family
204,https://www.tiktok.com/@wahbananasg/video/7470839393947897106,Happy Valentines Day to the Singles ğŸ˜˜ #wahbananamini #valentinesday,151500.0,104.0,3395.0,1750.0,Celebrate Valentine's Day with joy and friendship! Discover fun ideas for the single life this V Day! #wahbananamini #valentinesday,WahBanana,2-13,wahbananasg,00:02 / 00:29,2025-02-13,29,"['#wahbananamini', '#valentinesday']",Anime/Animation
205,https://www.tiktok.com/@ianthioo/video/7453709680787885333,â€œno food on the floorâ€ this was her last straw #fyp #foryou #grandma,3200000.0,7335.0,165400.0,395300.0,Discover how grandma turns raw eggs into a culinary delight in this fun cooking journey! #grandma #cooking #RawFood,idiot sandwich ğŸ¥ª,2024-12-29,ianthioo,00:03 / 00:06,2024-12-29,6,"['#fyp', '#grandma', '#foryou', '#RawFood', '#cooking']",Foreign
206,https://www.tiktok.com/@its_blue_charles/video/7444699951717813560,Did you know??ğŸ¤” #fyp #facts #uselessfacts #didyouknow #vira#viral_video #vira,3000000.0,15900.0,255900.0,1100000.0,Discover surprising facts about papaya seeds and astronauts that you never knew! Enhance your knowledge with these fun and intriguing insights. #facts #didyouknow,Blue Charles,2024-12-5,its_blue_charles,00:02 / 00:09,2024-12-5,9,"['#fyp', '#vira', '#viral_video', '#uselessfacts', '#facts', '#didyouknow']",Foreign
207,https://www.tiktok.com/@cindy_movie/video/7454244949903674667,#fyp #foryou,501300.0,2004.0,30800.0,9719.0,"Explore iconic scenes from Love Actually featuring memorable moments and characters, plus a sprinkle of humor. Discover more about this classic film! #LoveActually #MrBean",Cindy_movie,2024-12-31,cindy_movie,00:04 / 02:08,2024-12-31,128,"['#MrBean', '#LoveActually', '#fyp', '#foryou']",Foreign
