etag,id,video_category
grPOPYEUUZN3ltuDUGEWlrTR90U,1,Film & Animation
Q0xgUf8BFM8rW3W0R9wNq809xyA,2,Autos & Vehicles
qnpwjh5QlWM5hrnZCvHisquztC4,10,Music
HyFIixS5BZaoBdkQdLzPdoXWipg,15,Pets & Animals
PNU8SwXhjsF90fmkilVohofOi4I,17,Sports
5kFljz9YJ4lEgSfVwHWi5kTAwAs,18,Short Movies
ANnLQyzEA_9m3bMyJXMhKTCOiyg,19,Travel & Events
0Hh6gbZ9zWjnV3sfdZjKB5LQr6E,20,Gaming
q8Cp4pUfCD8Fuh8VJ_yl5cBCVNw,21,Videoblogging
cHDaaqPDZsJT1FPr1-MwtyIhR28,22,People & Blogs
3Uz364xBbKY50a2s0XQlv-gXJds,23,Comedy
0srcLUqQzO7-NGLF7QnhdVzJQmY,24,Entertainment
bQlQMjmYX7DyFkX4w3kT0osJyIc,25,News & Politics
Y06N41HP_WlZmeREZvkGF0HW5pg,26,Howto & Style
yBaNkLx4sX9NcDmFgAmxQcV4Y30,27,Education
Mxy3A-SkmnR7MhJDZRS4DuAIbQA,28,Science & Technology
4pIHL_AdN2kO7btAGAP1TvPucNk,30,Movies
Iqol1myDwh2AuOnxjtn2AfYwJTU,31,Anime/Animation
tzhBKCBcYWZLPai5INY4id91ss8,32,Action/Adventure
ii8nBGYpKyl6FyzP3cmBCevdrbs,33,Classics
Y0u9UAQCCGp60G11Arac5Mp46z4,34,Comedy
_YDnyT205AMuX8etu8loOiQjbD4,35,Documentary
eAl2b-uqIGRDgnlMa0EsGZjXmWg,36,Drama
HDAW2HFOt3SqeDI00X-eL7OELfY,37,Family
QHiWh3niw5hjDrim85M8IGF45eE,38,Foreign
ztKcSS7GpH9uEyZk9nQCdNujvGg,39,Horror
Ids1sm8QFeSo_cDlpcUNrnEBYWA,40,Sci-Fi/Fantasy
qhfgS7MzzZHIy_UZ1dlawl1GbnY,41,Thriller
TxVSfGoUyT7CJ7h7ebjg4vhIt6g,42,Shorts
o9w6eNqzjHPnNbKDujnQd8pklXM,43,Shows
mLdyKd0VgXKDI6GevTLBAcvRlIU,44,Trailers
